"2026-02-11 21:04:38","XRP/USDT","binance","bybit","50.662228","1.3817","1.4138","1.6242","SUCCESS"
"2026-02-11 21:04:40","SOL/USDT","binance","bybit","0.878073","79.7300","91.5000","10.3349","SUCCESS"
"2026-02-11 21:04:40","SOL/USDT","binance","bybit","0.877963","79.7300","91.5000","10.3336","SUCCESS"
"2026-02-11 21:04:40","SOL/USDT","binance","bybit","0.877963","79.7300","83.0500","2.9148","SUCCESS"
"2026-02-11 21:04:41","XRP/USDT","bybit","binance","51.493874","1.3594","1.3816","1.1439","SUCCESS"
"2026-02-11 21:04:41","XRP/USDT","bybit","binance","51.576282","1.3572","1.3816","1.2578","SUCCESS"
"2026-02-11 21:04:41","XRP/USDT","bybit","binance","51.576282","1.3572","1.3816","1.2578","SUCCESS"
"2026-02-11 21:04:42","XRP/USDT","bybit","binance","51.576282","1.3572","1.3816","1.2578","SUCCESS"
"2026-02-11 21:04:42","XRP/USDT","bybit","binance","51.576282","1.3572","1.3816","1.2578","SUCCESS"
"2026-02-11 21:04:43","XRP/USDT","bybit","binance","51.576206","1.3572","1.3816","1.2577","SUCCESS"
"2026-02-11 21:04:46","XRP/USDT","binance","bybit","50.662228","1.3817","1.4055","1.2052","SUCCESS"
"2026-02-11 21:04:46","XRP/USDT","binance","bybit","50.662228","1.3817","1.4055","1.2052","SUCCESS"
"2026-02-11 21:04:47","XRP/USDT","binance","bybit","50.662228","1.3817","1.4115","1.5098","SUCCESS"
"2026-02-11 21:04:47","XRP/USDT","binance","bybit","50.662228","1.3817","1.4115","1.5098","SUCCESS"
"2026-02-11 21:04:47","XRP/USDT","binance","bybit","50.662228","1.3817","1.4115","1.5098","SUCCESS"
"2026-02-11 21:04:47","XRP/USDT","binance","bybit","50.662228","1.3817","1.4115","1.5098","SUCCESS"
"2026-02-11 21:04:51","XRP/USDT","bybit","binance","51.363028","1.3628","1.3816","0.9632","SUCCESS"
"2026-02-11 21:04:51","XRP/USDT","bybit","binance","51.658915","1.3550","1.3816","1.3720","SUCCESS"
"2026-02-11 21:04:52","XRP/USDT","bybit","binance","51.658915","1.3550","1.3816","1.3720","SUCCESS"
"2026-02-11 21:04:52","XRP/USDT","bybit","binance","51.658915","1.3550","1.3816","1.3720","SUCCESS"
"2026-02-11 21:04:53","XRP/USDT","bybit","binance","51.658915","1.3550","1.3816","1.3720","SUCCESS"
"2026-02-11 21:04:53","XRP/USDT","bybit","binance","51.658915","1.3550","1.3816","1.3720","SUCCESS"
"2026-02-11 21:04:56","XRP/USDT","binance","bybit","50.687907","1.3810","1.4055","1.2412","SUCCESS"
"2026-02-11 21:04:56","XRP/USDT","binance","bybit","50.687907","1.3810","1.4055","1.2412","SUCCESS"
"2026-02-11 21:04:56","XRP/USDT","binance","bybit","50.687907","1.3810","1.4092","1.4315","SUCCESS"
"2026-02-11 21:04:57","XRP/USDT","binance","bybit","50.687907","1.3810","1.4092","1.4315","SUCCESS"
"2026-02-11 21:04:57","XRP/USDT","binance","bybit","50.687907","1.3810","1.4092","1.4315","SUCCESS"
"2026-02-11 21:04:57","XRP/USDT","binance","bybit","50.687907","1.3810","1.4092","1.4315","SUCCESS"
"2026-02-11 21:04:58","XRP/USDT","binance","bybit","50.687907","1.3810","1.4092","1.4315","SUCCESS"
"2026-02-11 21:05:01","XRP/USDT","bybit","binance","51.659106","1.3550","1.3809","1.3361","SUCCESS"
"2026-02-11 21:05:02","XRP/USDT","bybit","binance","51.659106","1.3550","1.3809","1.3361","SUCCESS"
"2026-02-11 21:05:02","XRP/USDT","binance","bybit","50.687907","1.3810","1.5067","6.3706","SUCCESS"
"2026-02-11 21:05:03","XRP/USDT","binance","bybit","50.687907","1.3810","1.5331","7.7090","SUCCESS"
"2026-02-11 21:05:03","XRP/USDT","bybit","binance","51.741814","1.3529","1.3809","1.4503","SUCCESS"
"2026-02-11 21:05:04","XRP/USDT","bybit","binance","51.741814","1.3529","1.3809","1.4503","SUCCESS"
"2026-02-11 21:05:04","XRP/USDT","bybit","binance","51.741814","1.3529","1.3809","1.4503","SUCCESS"
"2026-02-11 21:05:05","XRP/USDT","binance","bybit","50.687907","1.3810","1.5067","6.3706","SUCCESS"
"2026-02-11 21:05:06","XRP/USDT","binance","bybit","50.687907","1.3810","1.5381","7.9624","SUCCESS"
"2026-02-11 21:05:07","XRP/USDT","binance","bybit","50.687907","1.3810","1.5381","7.9624","SUCCESS"
"2026-02-11 21:05:21","XRP/USDT","bybit","binance","51.214253","1.3668","1.3791","0.6296","SUCCESS"
"2026-02-11 21:05:21","XRP/USDT","bybit","binance","51.214253","1.3668","1.3791","0.6296","SUCCESS"
"2026-02-11 21:05:22","XRP/USDT","bybit","binance","51.258506","1.3656","1.3791","0.6906","SUCCESS"
"2026-02-11 21:05:22","XRP/USDT","bybit","binance","51.258506","1.3656","1.3791","0.6906","SUCCESS"
"2026-02-11 21:05:23","XRP/USDT","bybit","binance","51.258506","1.3656","1.3791","0.6906","SUCCESS"
"2026-02-11 21:05:23","XRP/USDT","bybit","binance","51.258506","1.3656","1.3791","0.6906","SUCCESS"
"2026-02-11 21:05:24","XRP/USDT","bybit","binance","51.258506","1.3656","1.3791","0.6906","SUCCESS"
"2026-02-11 21:05:26","XRP/USDT","binance","bybit","50.754060","1.3792","1.4201","2.0754","SUCCESS"
"2026-02-11 21:05:26","XRP/USDT","binance","bybit","50.754060","1.3792","1.4201","2.0754","SUCCESS"
"2026-02-11 21:05:26","XRP/USDT","binance","bybit","50.754060","1.3792","1.4203","2.0835","SUCCESS"
"2026-02-11 21:05:27","XRP/USDT","binance","bybit","50.754060","1.3792","1.4203","2.0835","SUCCESS"
"2026-02-11 21:05:27","XRP/USDT","binance","bybit","50.754060","1.3792","1.4203","2.0835","SUCCESS"
"2026-02-11 21:05:28","XRP/USDT","binance","bybit","50.754060","1.3792","1.4203","2.0835","SUCCESS"
"2026-02-11 21:05:28","XRP/USDT","binance","bybit","50.754060","1.3792","1.4203","2.0835","SUCCESS"
"2026-02-11 21:05:31","XRP/USDT","bybit","binance","51.258656","1.3656","1.3799","0.7318","SUCCESS"
"2026-02-11 21:05:31","XRP/USDT","bybit","binance","51.258656","1.3656","1.3799","0.7318","SUCCESS"
"2026-02-11 21:05:32","XRP/USDT","bybit","binance","51.340839","1.3634","1.3799","0.8452","SUCCESS"
"2026-02-11 21:05:33","XRP/USDT","bybit","binance","51.340839","1.3634","1.3799","0.8452","SUCCESS"
"2026-02-11 21:05:33","XRP/USDT","bybit","binance","51.340839","1.3634","1.3799","0.8452","SUCCESS"
"2026-02-11 21:05:34","XRP/USDT","bybit","binance","51.340839","1.3634","1.3799","0.8452","SUCCESS"
"2026-02-11 21:05:34","XRP/USDT","bybit","binance","51.340839","1.3634","1.3799","0.8452","SUCCESS"
"2026-02-11 21:05:36","XRP/USDT","binance","bybit","50.724638","1.3800","1.4055","1.2929","SUCCESS"
"2026-02-11 21:05:36","XRP/USDT","binance","bybit","50.724638","1.3800","1.4055","1.2929","SUCCESS"
"2026-02-11 21:05:36","XRP/USDT","binance","bybit","50.724638","1.3800","1.4180","1.9263","SUCCESS"
"2026-02-11 21:05:37","XRP/USDT","binance","bybit","50.724638","1.3800","1.4180","1.9263","SUCCESS"
"2026-02-11 21:05:38","XRP/USDT","binance","bybit","50.724638","1.3800","1.4180","1.9263","SUCCESS"
"2026-02-11 21:05:38","XRP/USDT","binance","bybit","50.724638","1.3800","1.4180","1.9263","SUCCESS"
"2026-02-11 21:05:38","XRP/USDT","binance","bybit","50.724638","1.3800","1.4180","1.9263","SUCCESS"
"2026-02-11 21:20:56","BTC/USDT","binance","bybit","0.001036","67555.0000","67758.4000","0.2108","SUCCESS"
"2026-02-11 21:20:56","BTC/USDT","binance","bybit","0.001036","67555.0000","67758.4000","0.2108","SUCCESS"
"2026-02-11 21:21:01","BTC/USDT","binance","bybit","0.001036","67555.0000","67758.4000","0.2108","SUCCESS"
"2026-02-11 21:21:02","BTC/USDT","binance","bybit","0.001036","67555.0000","67758.4000","0.2108","SUCCESS"
"2026-02-11 21:21:02","BTC/USDT","binance","bybit","0.001036","67555.0000","67758.4000","0.2108","SUCCESS"
"2026-02-11 21:21:06","BTC/USDT","binance","bybit","0.001036","67555.0000","67758.4000","0.2108","SUCCESS"
"2026-02-11 21:21:10","BTC/USDT","binance","bybit","0.001036","67555.0000","67758.4000","0.2108","SUCCESS"
"2026-02-11 21:21:11","BTC/USDT","binance","bybit","0.001036","67555.0000","67758.4000","0.2108","SUCCESS"
"2026-02-11 21:21:16","BTC/USDT","bybit","binance","0.001040","67310.8000","67599.9900","0.3007","SUCCESS"
"2026-02-11 21:21:19","BTC/USDT","bybit","binance","0.001040","67310.8000","67599.9900","0.3007","SUCCESS"
"2026-02-11 21:21:20","BTC/USDT","bybit","binance","0.001040","67310.8000","67599.9900","0.3007","SUCCESS"
"2026-02-11 21:21:26","BTC/USDT","bybit","binance","0.001040","67310.8000","67599.9900","0.3007","SUCCESS"
"2026-02-11 21:21:30","BTC/USDT","bybit","binance","0.001040","67310.8000","67572.0000","0.2716","SUCCESS"
"2026-02-11 21:21:36","BTC/USDT","bybit","binance","0.001040","67310.8000","67572.0000","0.2716","SUCCESS"
"2026-02-11 21:21:45","BTC/USDT","bybit","binance","0.001040","67310.8000","67572.0000","0.2716","SUCCESS"
"2026-02-11 21:21:46","BTC/USDT","bybit","binance","0.001040","67310.8000","67582.1600","0.2822","SUCCESS"
"2026-02-11 21:21:50","BTC/USDT","bybit","binance","0.001040","67310.8000","67582.1600","0.2822","SUCCESS"
"2026-02-11 21:21:51","BTC/USDT","bybit","binance","0.001040","67310.8000","67582.1600","0.2822","SUCCESS"
"2026-02-11 21:22:01","BTC/USDT","bybit","binance","0.001040","67310.8000","67582.1600","0.2822","SUCCESS"
"2026-02-11 21:22:01","BTC/USDT","bybit","binance","0.001040","67310.8000","67582.1600","0.2822","SUCCESS"
"2026-02-11 21:22:06","BTC/USDT","bybit","binance","0.001040","67310.8000","67558.8700","0.2580","SUCCESS"
"2026-02-11 21:22:06","BTC/USDT","bybit","binance","0.001040","67310.8000","67558.8700","0.2580","SUCCESS"
"2026-02-11 21:22:06","BTC/USDT","bybit","binance","0.001040","67310.8000","67558.8700","0.2580","SUCCESS"
"2026-02-11 21:22:10","BTC/USDT","bybit","binance","0.001040","67310.8000","67558.8700","0.2580","SUCCESS"
"2026-02-11 21:22:11","BTC/USDT","bybit","binance","0.001040","67310.8000","67558.8700","0.2580","SUCCESS"
"2026-02-11 21:22:15","BTC/USDT","bybit","binance","0.001040","67310.8000","67558.8700","0.2580","SUCCESS"
"2026-02-11 21:22:16","BTC/USDT","bybit","binance","0.001040","67310.8000","67558.8700","0.2580","SUCCESS"
"2026-02-11 21:22:17","BTC/USDT","bybit","binance","0.001040","67310.8000","67558.8700","0.2580","SUCCESS"
"2026-02-11 21:22:21","BTC/USDT","bybit","binance","0.001040","67310.8000","67518.0200","0.2155","SUCCESS"
"2026-02-11 21:22:21","BTC/USDT","bybit","binance","0.001042","67161.6000","67518.0200","0.3715","SUCCESS"
"2026-02-11 21:25:50","BTC/USDT","binance","bybit","0.001039","67397.9500","67609.2000","0.2194","SUCCESS"
"2026-02-11 21:25:51","BTC/USDT","binance","bybit","0.001039","67397.9500","67609.2000","0.2194","SUCCESS"
"2026-02-11 21:25:55","BTC/USDT","binance","bybit","0.001039","67397.9500","67609.2000","0.2194","SUCCESS"
"2026-02-11 21:25:56","BTC/USDT","binance","bybit","0.001039","67397.9500","67609.2000","0.2194","SUCCESS"
"2026-02-11 21:26:00","BTC/USDT","binance","bybit","0.001039","67397.9500","67609.2000","0.2194","SUCCESS"
"2026-02-11 21:26:01","BTC/USDT","binance","bybit","0.001039","67397.9500","67609.2000","0.2194","SUCCESS"
"2026-02-11 21:26:06","BTC/USDT","bybit","binance","0.001042","67161.6000","67390.8000","0.2389","SUCCESS"
"2026-02-11 21:26:11","BTC/USDT","bybit","binance","0.001042","67161.6000","67390.8000","0.2389","SUCCESS"
"2026-02-11 21:26:11","BTC/USDT","bybit","binance","0.001042","67161.6000","67390.8000","0.2389","SUCCESS"
"2026-02-11 21:26:12","BTC/USDT","bybit","binance","0.001042","67161.6000","67390.8000","0.2389","SUCCESS"
"2026-02-11 21:26:15","BTC/USDT","bybit","binance","0.001042","67161.6000","67390.8000","0.2389","SUCCESS"
"2026-02-11 21:26:16","BTC/USDT","bybit","binance","0.001042","67161.6000","67390.8000","0.2389","SUCCESS"
"2026-02-11 21:26:26","BTC/USDT","bybit","binance","0.001042","67161.6000","67366.5200","0.2136","SUCCESS"
"2026-02-11 21:26:27","BTC/USDT","bybit","binance","0.001042","67161.6000","67366.5200","0.2136","SUCCESS"
"2026-02-11 21:26:27","BTC/USDT","bybit","binance","0.001042","67161.6000","67366.5200","0.2136","SUCCESS"
"2026-02-11 21:26:31","BTC/USDT","bybit","binance","0.001042","67161.6000","67366.5200","0.2136","SUCCESS"
"2026-02-11 21:26:41","BTC/USDT","bybit","binance","0.001042","67161.6000","67363.3200","0.2102","SUCCESS"
"2026-02-11 21:26:46","BTC/USDT","bybit","binance","0.001042","67161.6000","67363.3200","0.2102","SUCCESS"
"2026-02-11 21:26:51","BTC/USDT","bybit","binance","0.001042","67161.6000","67363.3200","0.2102","SUCCESS"
"2026-02-11 21:26:56","BTC/USDT","bybit","binance","0.001042","67161.6000","67300.0000","0.1442","SUCCESS"
"2026-02-11 21:28:31","BTC/USDT","bybit","binance","0.001045","67012.4000","67320.8200","0.3222","SUCCESS"
"2026-02-11 21:28:41","BTC/USDT","bybit","binance","0.001045","67012.4000","67290.0000","0.2900","SUCCESS"
"2026-02-11 21:28:46","BTC/USDT","bybit","binance","0.001047","66863.2000","67290.0000","0.4468","SUCCESS"
"2026-02-11 21:29:56","BTC/USDT","bybit","binance","0.001045","67005.7000","67247.4000","0.2525","SUCCESS"
"2026-02-11 21:29:56","BTC/USDT","bybit","binance","0.001045","67005.7000","67247.4000","0.2525","SUCCESS"
"2026-02-11 21:29:57","BTC/USDT","bybit","binance","0.001045","66995.1000","67247.4000","0.2636","SUCCESS"
"2026-02-11 21:29:57","BTC/USDT","bybit","binance","0.001045","66995.1000","67247.4000","0.2636","SUCCESS"
"2026-02-11 21:29:59","BTC/USDT","bybit","binance","0.001045","66986.6000","67247.4000","0.2725","SUCCESS"
"2026-02-11 21:30:00","BTC/USDT","bybit","binance","0.001044","67029.4000","67247.4000","0.2277","SUCCESS"
"2026-02-11 21:30:03","BTC/USDT","bybit","binance","0.001045","66976.4000","67206.3300","0.2403","SUCCESS"
"2026-02-11 21:30:03","BTC/USDT","bybit","binance","0.001045","66976.4000","67206.3300","0.2403","SUCCESS"
"2026-02-11 21:30:20","BTC/USDT","bybit","binance","0.001045","67012.4000","67213.9900","0.2106","SUCCESS"
"2026-02-11 21:30:21","BTC/USDT","bybit","binance","0.001045","67012.4000","67213.9900","0.2106","SUCCESS"
"2026-02-11 21:30:25","BTC/USDT","bybit","binance","0.001045","67012.4000","67213.9900","0.2106","SUCCESS"
"2026-02-11 21:30:26","BTC/USDT","bybit","binance","0.001045","67012.4000","67213.9900","0.2106","SUCCESS"
"2026-02-11 21:30:36","BTC/USDT","bybit","binance","0.001045","67012.4000","67213.9900","0.2106","SUCCESS"
"2026-02-11 21:30:36","BTC/USDT","bybit","binance","0.001045","67012.4000","67213.9900","0.2106","SUCCESS"
"2026-02-11 21:30:54","BTC/USDT","bybit","binance","0.001045","67012.4000","67216.8000","0.2135","SUCCESS"
"2026-02-11 21:31:21","BTC/USDT","bybit","binance","0.001045","67012.4000","67257.6100","0.2561","SUCCESS"
"2026-02-11 21:31:26","BTC/USDT","bybit","binance","0.001045","67012.4000","67257.6100","0.2561","SUCCESS"
"2026-02-11 21:31:41","BTC/USDT","bybit","binance","0.001045","67012.4000","67272.4000","0.2716","SUCCESS"
"2026-02-11 21:31:42","BTC/USDT","bybit","binance","0.001045","67012.4000","67272.4000","0.2716","SUCCESS"
"2026-02-11 21:31:46","BTC/USDT","bybit","binance","0.001045","67012.4000","67272.4000","0.2716","SUCCESS"
"2026-02-11 21:31:51","BTC/USDT","bybit","binance","0.001045","67012.4000","67274.6300","0.2739","SUCCESS"
"2026-02-11 21:32:16","BTC/USDT","bybit","binance","0.001045","67012.4000","67317.9900","0.3192","SUCCESS"
"2026-02-11 21:32:21","BTC/USDT","bybit","binance","0.001045","67012.4000","67308.7900","0.3096","SUCCESS"
"2026-02-11 21:32:23","BTC/USDT","bybit","binance","0.001045","67012.4000","67308.7900","0.3096","SUCCESS"
"2026-02-11 21:32:31","BTC/USDT","bybit","binance","0.001045","67012.4000","67308.1367","0.3089","SUCCESS"
"2026-02-11 21:32:33","BTC/USDT","bybit","binance","0.001045","67012.4000","67308.0000","0.3088","SUCCESS"
"2026-02-11 21:32:36","BTC/USDT","bybit","binance","0.001045","67012.4000","67308.0000","0.3088","SUCCESS"
"2026-02-11 21:32:37","BTC/USDT","bybit","binance","0.001043","67094.7000","67307.8875","0.2224","SUCCESS"
"2026-02-11 21:32:38","BTC/USDT","bybit","binance","0.001045","67012.4000","67290.0000","0.2900","SUCCESS"
"2026-02-11 21:32:39","BTC/USDT","bybit","binance","0.001045","67012.4000","67290.0000","0.2900","SUCCESS"
"2026-02-11 21:32:41","BTC/USDT","bybit","binance","0.001045","67012.4000","67290.0000","0.2900","SUCCESS"
"2026-02-11 21:32:43","BTC/USDT","bybit","binance","0.001045","67012.4000","67290.0000","0.2900","SUCCESS"
"2026-02-11 21:32:44","BTC/USDT","bybit","binance","0.001045","67012.4000","67290.0000","0.2900","SUCCESS"
"2026-02-11 21:32:46","BTC/USDT","bybit","binance","0.001045","67012.4000","67290.0000","0.2900","SUCCESS"
"2026-02-11 21:32:49","BTC/USDT","bybit","binance","0.001045","67012.4000","67290.0000","0.2900","SUCCESS"
"2026-02-11 21:32:49","BTC/USDT","bybit","binance","0.001045","67012.4000","67290.0000","0.2900","SUCCESS"
"2026-02-11 21:32:51","BTC/USDT","bybit","binance","0.001045","67012.4000","67290.0000","0.2900","SUCCESS"
"2026-02-11 21:32:53","BTC/USDT","bybit","binance","0.001045","67012.4000","67290.0000","0.2900","SUCCESS"
"2026-02-11 21:32:54","BTC/USDT","bybit","binance","0.001045","67012.4000","67290.0000","0.2900","SUCCESS"
"2026-02-11 21:32:56","BTC/USDT","bybit","binance","0.001047","66863.2000","67248.3900","0.4033","SUCCESS"
"2026-02-11 21:34:30","BTC/USDT","bybit","binance","0.001045","67012.4000","67289.5800","0.2895","SUCCESS"
"2026-02-11 21:34:31","BTC/USDT","bybit","binance","0.001045","67012.4000","67289.5800","0.2895","SUCCESS"
"2026-02-11 21:34:35","BTC/USDT","bybit","binance","0.001045","67012.4000","67289.5800","0.2895","SUCCESS"
"2026-02-11 21:34:36","BTC/USDT","bybit","binance","0.001045","67012.4000","67289.5800","0.2895","SUCCESS"
"2026-02-11 21:34:46","BTC/USDT","bybit","binance","0.001045","67012.4000","67312.0100","0.3130","SUCCESS"
"2026-02-11 21:34:47","BTC/USDT","bybit","binance","0.001045","67012.4000","67312.0100","0.3130","SUCCESS"
"2026-02-11 21:34:47","BTC/USDT","bybit","binance","0.001045","67012.4000","67312.0100","0.3130","SUCCESS"
"2026-02-11 21:36:16","BTC/USDT","binance","bybit","0.001040","67311.5700","67609.2000","0.3095","SUCCESS"
"2026-02-11 21:36:21","BTC/USDT","binance","bybit","0.001040","67311.5700","67609.2000","0.3095","SUCCESS"
"2026-02-11 21:36:41","BTC/USDT","binance","bybit","0.001039","67363.5000","67609.2000","0.2553","SUCCESS"
"2026-02-11 21:36:43","BTC/USDT","binance","bybit","0.001039","67363.5000","67609.2000","0.2553","SUCCESS"
"2026-02-11 21:36:46","BTC/USDT","binance","bybit","0.001039","67363.5000","67758.4000","0.4104","SUCCESS"
"2026-02-11 21:37:41","BTC/USDT","binance","bybit","0.001038","67427.5500","67630.8000","0.2110","SUCCESS"
"2026-02-11 21:38:20","BTC/USDT","binance","bybit","0.001039","67368.7600","67609.2000","0.2498","SUCCESS"
"2026-02-11 21:38:21","BTC/USDT","binance","bybit","0.001039","67368.7600","67609.2000","0.2498","SUCCESS"
"2026-02-11 21:38:30","BTC/USDT","binance","bybit","0.001039","67378.8700","67609.2000","0.2393","SUCCESS"
"2026-02-11 21:38:31","BTC/USDT","binance","bybit","0.001039","67378.8700","67609.2000","0.2393","SUCCESS"
"2026-02-11 21:38:32","BTC/USDT","binance","bybit","0.001039","67378.8700","67609.2000","0.2393","SUCCESS"
"2026-02-11 21:38:36","BTC/USDT","binance","bybit","0.001039","67378.8700","67609.2000","0.2393","SUCCESS"
"2026-02-11 21:38:36","BTC/USDT","binance","bybit","0.001039","67378.8700","67609.2000","0.2393","SUCCESS"
"2026-02-11 21:38:56","BTC/USDT","binance","bybit","0.001039","67378.8700","67609.2000","0.2393","SUCCESS"
"2026-02-11 21:39:01","BTC/USDT","binance","bybit","0.001039","67378.8700","67609.2000","0.2393","SUCCESS"
"2026-02-11 21:39:01","BTC/USDT","binance","bybit","0.001039","67378.8700","67609.2000","0.2393","SUCCESS"
"2026-02-11 21:39:06","BTC/USDT","binance","bybit","0.001039","67378.8700","67609.2000","0.2393","SUCCESS"
"2026-02-11 21:39:11","BTC/USDT","binance","bybit","0.001039","67405.7300","67609.2000","0.2114","SUCCESS"
"2026-02-11 21:39:12","BTC/USDT","binance","bybit","0.001038","67405.7300","67609.2000","0.2113","SUCCESS"
"2026-02-11 21:39:12","BTC/USDT","binance","bybit","0.001038","67405.7300","67609.2000","0.2113","SUCCESS"
"2026-02-11 21:39:16","BTC/USDT","binance","bybit","0.001038","67405.7300","67609.2000","0.2113","SUCCESS"
"2026-02-11 21:39:16","BTC/USDT","binance","bybit","0.001038","67405.7300","67609.2000","0.2113","SUCCESS"
"2026-02-11 21:39:21","BTC/USDT","binance","bybit","0.001038","67405.7300","67609.2000","0.2113","SUCCESS"
"2026-02-11 21:39:21","BTC/USDT","binance","bybit","0.001038","67405.7300","67609.2000","0.2113","SUCCESS"
"2026-02-11 21:39:27","BTC/USDT","binance","bybit","0.001038","67405.8336","67609.2000","0.2112","SUCCESS"
"2026-02-11 21:39:31","BTC/USDT","binance","bybit","0.001039","67390.8100","67609.2000","0.2268","SUCCESS"
"2026-02-11 21:39:32","BTC/USDT","binance","bybit","0.001039","67390.8100","67609.2000","0.2268","SUCCESS"
"2026-02-11 21:39:33","BTC/USDT","binance","bybit","0.001039","67390.8100","67609.2000","0.2268","SUCCESS"
"2026-02-11 21:39:37","BTC/USDT","binance","bybit","0.001039","67390.8100","67609.2000","0.2268","SUCCESS"
"2026-02-11 21:39:38","BTC/USDT","binance","bybit","0.001039","67390.8100","67609.2000","0.2268","SUCCESS"
"2026-02-11 21:39:41","BTC/USDT","binance","bybit","0.001039","67390.8100","67609.2000","0.2268","SUCCESS"
"2026-02-11 21:39:42","BTC/USDT","binance","bybit","0.001039","67390.8100","67609.2000","0.2268","SUCCESS"
"2026-02-11 21:39:43","BTC/USDT","binance","bybit","0.001039","67390.8100","67609.2000","0.2268","SUCCESS"
"2026-02-11 21:39:48","BTC/USDT","binance","bybit","0.001039","67399.7300","67609.2000","0.2176","SUCCESS"
"2026-02-11 21:39:51","BTC/USDT","binance","bybit","0.001039","67399.7300","67609.2000","0.2176","SUCCESS"
"2026-02-11 21:39:53","BTC/USDT","binance","bybit","0.001039","67399.7300","67609.2000","0.2176","SUCCESS"
"2026-02-11 21:40:51","BTC/USDT","bybit","binance","0.001042","67161.6000","67406.9800","0.2558","SUCCESS"
"2026-02-11 21:40:54","BTC/USDT","bybit","binance","0.001042","67161.6000","67406.9800","0.2558","SUCCESS"
"2026-02-11 21:40:59","BTC/USDT","bybit","binance","0.001042","67161.6000","67400.5200","0.2490","SUCCESS"
"2026-02-11 21:41:01","BTC/USDT","bybit","binance","0.001042","67161.6000","67400.5200","0.2490","SUCCESS"
"2026-02-11 21:41:04","BTC/USDT","bybit","binance","0.001042","67161.6000","67400.5200","0.2490","SUCCESS"
"2026-02-11 21:41:06","BTC/USDT","bybit","binance","0.001042","67161.6000","67400.5200","0.2490","SUCCESS"
"2026-02-11 21:41:10","BTC/USDT","bybit","binance","0.001042","67161.6000","67400.5200","0.2490","SUCCESS"
"2026-02-11 21:41:10","BTC/USDT","bybit","binance","0.001042","67161.6000","67400.5200","0.2490","SUCCESS"
"2026-02-11 21:41:16","BTC/USDT","bybit","binance","0.001042","67161.6000","67382.0000","0.2297","SUCCESS"
"2026-02-11 21:41:21","BTC/USDT","bybit","binance","0.001042","67161.6000","67382.0000","0.2297","SUCCESS"
"2026-02-11 21:41:25","BTC/USDT","bybit","binance","0.001042","67161.6000","67382.0000","0.2297","SUCCESS"
"2026-02-11 21:41:26","BTC/USDT","bybit","binance","0.001042","67161.6000","67382.0000","0.2297","SUCCESS"
"2026-02-11 21:42:01","BTC/USDT","bybit","binance","0.001045","67012.4000","67354.0000","0.3568","SUCCESS"
"2026-02-11 21:42:49","BTC/USDT","bybit","binance","0.001045","67012.4000","67324.1000","0.3256","SUCCESS"
"2026-02-11 21:42:49","BTC/USDT","bybit","binance","0.001045","67012.4000","67324.1000","0.3256","SUCCESS"
"2026-02-11 21:43:02","BTC/USDT","bybit","binance","0.001045","67012.4000","67330.4100","0.3322","SUCCESS"
"2026-02-11 21:43:02","BTC/USDT","bybit","binance","0.001045","67012.4000","67330.4100","0.3322","SUCCESS"
"2026-02-11 21:43:11","BTC/USDT","bybit","binance","0.001045","67012.4000","67330.4100","0.3322","SUCCESS"
"2026-02-11 21:43:16","BTC/USDT","bybit","binance","0.001045","67012.4000","67305.2800","0.3059","SUCCESS"
"2026-02-11 21:46:26","BTC/USDT","binance","bybit","0.001040","67296.9100","67609.2000","0.3248","SUCCESS"
"2026-02-11 21:46:43","BTC/USDT","binance","bybit","0.001040","67330.0000","67609.2000","0.2903","SUCCESS"
"2026-02-11 21:46:46","BTC/USDT","binance","bybit","0.001040","67330.0000","67572.6000","0.2522","SUCCESS"
"2026-02-11 21:46:51","BTC/USDT","binance","bybit","0.001040","67330.0000","67758.4000","0.4454","SUCCESS"
"2026-02-11 21:47:53","BTC/USDT","binance","bybit","0.001038","67431.9800","67758.4000","0.3389","SUCCESS"
"2026-02-11 21:47:57","BTC/USDT","binance","bybit","0.001038","67431.9800","67758.4000","0.3389","SUCCESS"
"2026-02-11 21:47:57","BTC/USDT","binance","bybit","0.001038","67431.9800","67758.4000","0.3389","SUCCESS"
"2026-02-11 21:48:01","BTC/USDT","binance","bybit","0.001038","67431.9800","67907.6000","0.4937","SUCCESS"
"2026-02-11 21:48:43","BTC/USDT","binance","bybit","0.001035","67601.5500","67843.3000","0.2503","SUCCESS"
"2026-02-11 21:48:43","BTC/USDT","binance","bybit","0.001035","67601.5500","67907.6000","0.3169","SUCCESS"
"2026-02-11 21:48:51","BTC/USDT","binance","bybit","0.001035","67601.5500","67907.6000","0.3169","SUCCESS"
"2026-02-11 21:48:51","BTC/USDT","binance","bybit","0.001035","67601.5500","67907.6000","0.3169","SUCCESS"
"2026-02-11 21:48:54","BTC/USDT","binance","bybit","0.001035","67601.5500","67907.6000","0.3169","SUCCESS"
"2026-02-11 21:48:54","BTC/USDT","binance","bybit","0.001035","67640.0900","67907.6000","0.2770","SUCCESS"
"2026-02-11 21:48:58","BTC/USDT","binance","bybit","0.001035","67640.0900","67907.6000","0.2768","SUCCESS"
"2026-02-11 21:48:59","BTC/USDT","binance","bybit","0.001035","67640.0900","67907.6000","0.2768","SUCCESS"
"2026-02-11 21:49:01","BTC/USDT","binance","bybit","0.001035","67640.0900","67907.6000","0.2768","SUCCESS"
"2026-02-11 21:49:03","BTC/USDT","binance","bybit","0.001035","67640.0900","67907.6000","0.2768","SUCCESS"
"2026-02-11 21:49:04","BTC/USDT","binance","bybit","0.001035","67640.0900","67907.6000","0.2768","SUCCESS"
"2026-02-11 21:49:06","BTC/USDT","binance","bybit","0.001035","67640.0900","67907.6000","0.2768","SUCCESS"
"2026-02-11 21:49:09","BTC/USDT","binance","bybit","0.001035","67640.0900","67907.6000","0.2768","SUCCESS"
"2026-02-11 21:49:11","BTC/USDT","binance","bybit","0.001035","67640.0900","67907.6000","0.2768","SUCCESS"
"2026-02-11 21:49:14","BTC/USDT","binance","bybit","0.001035","67649.9500","67907.6000","0.2666","SUCCESS"
"2026-02-11 21:49:16","BTC/USDT","binance","bybit","0.001035","67649.9500","67907.6000","0.2666","SUCCESS"
"2026-02-11 21:49:24","BTC/USDT","binance","bybit","0.001035","67649.9500","67907.6000","0.2666","SUCCESS"
"2026-02-11 21:49:26","BTC/USDT","binance","bybit","0.001035","67649.9500","67907.6000","0.2666","SUCCESS"
"2026-02-11 21:49:36","BTC/USDT","binance","bybit","0.001035","67632.8400","67907.6000","0.2844","SUCCESS"
"2026-02-11 21:49:46","BTC/USDT","binance","bybit","0.001035","67628.2600","67907.6000","0.2891","SUCCESS"
"2026-02-11 21:49:56","BTC/USDT","binance","bybit","0.001035","67628.2600","67907.6000","0.2891","SUCCESS"
"2026-02-11 21:49:56","BTC/USDT","binance","bybit","0.001035","67628.2600","67907.6000","0.2891","SUCCESS"
"2026-02-11 21:50:01","BTC/USDT","binance","bybit","0.001035","67628.2600","67907.6000","0.2891","SUCCESS"
"2026-02-11 21:51:01","BTC/USDT","bybit","binance","0.001040","67310.8000","67572.9900","0.2727","SUCCESS"
"2026-02-11 21:51:11","BTC/USDT","bybit","binance","0.001040","67310.8000","67572.9900","0.2727","SUCCESS"
"2026-02-11 21:51:12","BTC/USDT","bybit","binance","0.001040","67310.8000","67572.9900","0.2727","SUCCESS"
"2026-02-11 21:51:16","BTC/USDT","bybit","binance","0.001040","67310.8000","67554.7000","0.2536","SUCCESS"
"2026-02-11 21:51:16","BTC/USDT","bybit","binance","0.001040","67310.8000","67554.7000","0.2536","SUCCESS"
"2026-02-11 21:51:21","BTC/USDT","bybit","binance","0.001040","67310.8000","67554.7000","0.2536","SUCCESS"
"2026-02-11 21:51:22","BTC/USDT","bybit","binance","0.001040","67310.8000","67554.7000","0.2536","SUCCESS"
"2026-02-11 21:51:26","BTC/USDT","bybit","binance","0.001040","67310.8000","67554.7000","0.2536","SUCCESS"
"2026-02-11 21:51:26","BTC/USDT","bybit","binance","0.001040","67310.8000","67554.7000","0.2536","SUCCESS"
"2026-02-11 21:51:27","BTC/USDT","bybit","binance","0.001040","67310.8000","67554.7000","0.2536","SUCCESS"
"2026-02-11 21:51:31","BTC/USDT","bybit","binance","0.001040","67310.8000","67531.2200","0.2292","SUCCESS"
"2026-02-11 21:51:31","BTC/USDT","bybit","binance","0.001040","67310.8000","67531.2200","0.2292","SUCCESS"
"2026-02-11 21:51:41","BTC/USDT","bybit","binance","0.001040","67310.8000","67531.2200","0.2292","SUCCESS"
"2026-02-11 21:51:41","BTC/USDT","bybit","binance","0.001040","67310.8000","67531.2200","0.2292","SUCCESS"
"2026-02-11 21:51:44","BTC/USDT","bybit","binance","0.001040","67310.8000","67531.2200","0.2292","SUCCESS"
"2026-02-11 21:51:46","BTC/USDT","bybit","binance","0.001040","67310.8000","67534.8600","0.2330","SUCCESS"
"2026-02-11 21:51:49","BTC/USDT","bybit","binance","0.001040","67310.8000","67534.8600","0.2330","SUCCESS"
"2026-02-11 21:51:51","BTC/USDT","bybit","binance","0.001040","67310.8000","67534.8600","0.2330","SUCCESS"
"2026-02-11 21:52:01","BTC/USDT","bybit","binance","0.001040","67310.8000","67534.8600","0.2330","SUCCESS"
"2026-02-11 21:52:05","BTC/USDT","bybit","binance","0.001040","67310.8000","67519.1400","0.2167","SUCCESS"
"2026-02-11 21:52:06","BTC/USDT","bybit","binance","0.001040","67310.8000","67519.1400","0.2167","SUCCESS"
"2026-02-11 21:52:09","BTC/USDT","bybit","binance","0.001040","67310.8000","67519.1400","0.2167","SUCCESS"
"2026-02-11 21:52:09","BTC/USDT","bybit","binance","0.001040","67310.8000","67519.1400","0.2167","SUCCESS"
"2026-02-11 21:52:11","BTC/USDT","bybit","binance","0.001040","67310.8000","67519.1400","0.2167","SUCCESS"
"2026-02-11 21:52:16","BTC/USDT","bybit","binance","0.001040","67310.8000","67519.1400","0.2167","SUCCESS"
"2026-02-11 21:52:19","BTC/USDT","bybit","binance","0.001040","67310.8000","67519.1400","0.2167","SUCCESS"
"2026-02-11 21:52:20","BTC/USDT","bybit","binance","0.001040","67310.8000","67519.1400","0.2167","SUCCESS"
"2026-02-11 21:52:40","BTC/USDT","bybit","binance","0.001040","67310.8000","67516.0100","0.2134","SUCCESS"
"2026-02-11 21:52:41","BTC/USDT","bybit","binance","0.001040","67310.8000","67516.0100","0.2134","SUCCESS"
"2026-02-11 21:52:41","BTC/USDT","bybit","binance","0.001040","67310.8000","67516.0100","0.2134","SUCCESS"
"2026-02-11 21:52:45","BTC/USDT","bybit","binance","0.001040","67310.8000","67516.0100","0.2134","SUCCESS"
"2026-02-11 21:52:46","BTC/USDT","bybit","binance","0.001042","67161.6000","67516.0100","0.3694","SUCCESS"
"2026-02-11 21:52:46","BTC/USDT","bybit","binance","0.001042","67161.6000","67516.0100","0.3694","SUCCESS"
"2026-02-11 22:03:10","ETH/USDT","binance","bybit","0.008934","1953.9100","2028.3600","0.6652","SUCCESS"
"2026-02-11 22:03:13","XRP/USDT","binance","bybit","12.378302","1.3810","1.5067","1.5557","SUCCESS"
"2026-02-11 22:03:16","XRP/USDT","bybit","binance","37.308839","1.3402","1.3809","1.5198","SUCCESS"
"2026-02-11 22:03:17","XRP/USDT","bybit","binance","37.308839","1.3402","1.3809","1.5198","SUCCESS"
"2026-02-11 22:03:17","XRP/USDT","bybit","binance","37.474265","1.3342","1.3809","1.7482","SUCCESS"
"2026-02-11 22:03:18","XRP/USDT","bybit","binance","37.474265","1.3342","1.3809","1.7482","SUCCESS"
"2026-02-11 22:03:18","XRP/USDT","bybit","binance","37.474265","1.3342","1.3809","1.7482","SUCCESS"
"2026-02-11 22:03:19","XRP/USDT","bybit","binance","37.474265","1.3342","1.3809","1.7482","SUCCESS"
"2026-02-11 22:03:19","XRP/USDT","bybit","binance","37.474265","1.3342","1.3809","1.7482","SUCCESS"
"2026-02-11 22:03:20","XRP/USDT","bybit","binance","37.474265","1.3342","1.3809","1.7482","SUCCESS"
"2026-02-11 22:03:20","XRP/USDT","bybit","binance","37.474265","1.3342","1.3809","1.7482","SUCCESS"
"2026-02-11 22:03:21","XRP/USDT","bybit","binance","37.474265","1.3342","1.3809","1.7482","SUCCESS"
"2026-02-11 22:03:22","XRP/USDT","bybit","binance","22.854129","1.3342","1.3809","1.0662","SUCCESS"
"2026-02-11 22:03:22","XRP/USDT","binance","bybit","36.205648","1.3810","1.3876","0.2396","SUCCESS"
"2026-02-11 22:03:22","XRP/USDT","binance","bybit","36.205648","1.3810","1.3876","0.2395","SUCCESS"
"2026-02-11 22:03:23","XRP/USDT","binance","bybit","36.205648","1.3810","1.3876","0.2396","SUCCESS"
"2026-02-11 22:03:23","XRP/USDT","binance","bybit","36.205648","1.3810","1.3876","0.2396","SUCCESS"
"2026-02-11 22:03:23","XRP/USDT","binance","bybit","36.205648","1.3810","1.3876","0.2395","SUCCESS"
"2026-02-11 22:03:24","XRP/USDT","binance","bybit","36.205648","1.3810","1.3876","0.2395","SUCCESS"
"2026-02-11 22:03:24","XRP/USDT","binance","bybit","36.205648","1.3810","1.3876","0.2395","SUCCESS"
"2026-02-11 22:03:25","XRP/USDT","binance","bybit","36.205648","1.3810","1.3876","0.2395","SUCCESS"
"2026-02-11 22:03:25","XRP/USDT","binance","bybit","36.205648","1.3810","1.3876","0.2395","SUCCESS"
"2026-02-11 22:03:26","XRP/USDT","binance","bybit","36.205648","1.3810","1.3876","0.2395","SUCCESS"
"2026-02-11 22:03:26","XRP/USDT","binance","bybit","34.812177","1.3810","1.3876","0.2303","SUCCESS"
"2026-02-11 22:03:27","XRP/USDT","bybit","binance","37.308839","1.3402","1.3809","1.5198","SUCCESS"
"2026-02-11 22:03:27","XRP/USDT","bybit","binance","37.534410","1.3321","1.3809","1.8313","SUCCESS"
"2026-02-11 22:03:27","XRP/USDT","bybit","binance","37.534410","1.3321","1.3809","1.8313","SUCCESS"
"2026-02-11 22:03:27","XRP/USDT","bybit","binance","37.534353","1.3321","1.3809","1.8312","SUCCESS"
"2026-02-11 22:03:28","XRP/USDT","bybit","binance","37.534410","1.3321","1.3809","1.8313","SUCCESS"
"2026-02-11 22:03:28","XRP/USDT","bybit","binance","37.534353","1.3321","1.3809","1.8312","SUCCESS"
"2026-02-11 22:03:29","XRP/USDT","bybit","binance","37.534353","1.3321","1.3809","1.8312","SUCCESS"
"2026-02-11 22:03:29","XRP/USDT","bybit","binance","37.534353","1.3321","1.3809","1.8312","SUCCESS"
"2026-02-11 22:03:29","XRP/USDT","bybit","binance","37.534353","1.3321","1.3809","1.8312","SUCCESS"
"2026-02-11 22:03:30","XRP/USDT","bybit","binance","37.534269","1.3321","1.3809","1.8311","SUCCESS"
"2026-02-11 22:03:31","XRP/USDT","bybit","binance","21.353685","1.3321","1.3809","1.0417","SUCCESS"
"2026-02-11 22:03:31","XRP/USDT","binance","bybit","36.205648","1.3810","1.3854","0.1593","SUCCESS"
"2026-02-11 22:03:32","XRP/USDT","binance","bybit","36.205648","1.3810","1.3854","0.1592","SUCCESS"
"2026-02-11 22:03:33","XRP/USDT","binance","bybit","36.205648","1.3810","1.3854","0.1592","SUCCESS"
"2026-02-11 22:03:33","XRP/USDT","binance","bybit","36.205648","1.3810","1.3854","0.1592","SUCCESS"
"2026-02-11 22:03:33","XRP/USDT","binance","bybit","36.205648","1.3810","1.3854","0.1592","SUCCESS"
"2026-02-11 22:03:34","XRP/USDT","binance","bybit","36.205648","1.3810","1.3854","0.1592","SUCCESS"
"2026-02-11 22:03:34","XRP/USDT","binance","bybit","36.205648","1.3810","1.3854","0.1592","SUCCESS"
"2026-02-11 22:03:35","XRP/USDT","binance","bybit","36.205648","1.3810","1.3854","0.1592","SUCCESS"
"2026-02-11 22:03:35","XRP/USDT","binance","bybit","36.205648","1.3810","1.3854","0.1592","SUCCESS"
"2026-02-11 22:03:36","XRP/USDT","binance","bybit","36.205648","1.3810","1.3854","0.1592","SUCCESS"
"2026-02-11 22:03:37","XRP/USDT","binance","bybit","34.018836","1.3810","1.3854","0.1496","SUCCESS"
"2026-02-11 22:03:37","XRP/USDT","bybit","binance","37.308839","1.3402","1.3809","1.5198","SUCCESS"
"2026-02-11 22:03:38","XRP/USDT","bybit","binance","37.308839","1.3402","1.3809","1.5198","SUCCESS"
"2026-02-11 22:03:38","XRP/USDT","bybit","binance","37.594494","1.3300","1.3809","1.9142","SUCCESS"
"2026-02-11 22:03:39","XRP/USDT","binance","bybit","36.205648","1.3810","1.3854","0.1593","SUCCESS"
"2026-02-11 22:03:39","XRP/USDT","binance","bybit","36.205648","1.3810","1.3854","0.1593","SUCCESS"
"2026-02-11 22:03:40","XRP/USDT","binance","bybit","36.205648","1.3810","1.3854","0.1593","SUCCESS"
"2026-02-11 22:03:40","XRP/USDT","bybit","binance","37.594494","1.3300","1.3809","1.9142","SUCCESS"
"2026-02-11 22:03:41","XRP/USDT","bybit","binance","37.594494","1.3300","1.3809","1.9142","SUCCESS"
"2026-02-11 22:03:41","XRP/USDT","bybit","binance","37.594494","1.3300","1.3809","1.9142","SUCCESS"
"2026-02-11 22:03:42","XRP/USDT","bybit","binance","36.581610","1.3668","1.3809","0.5155","SUCCESS"
"2026-02-11 22:03:43","XRP/USDT","bybit","binance","36.581610","1.3668","1.3809","0.5155","SUCCESS"
"2026-02-11 22:03:43","XRP/USDT","bybit","binance","38.065569","1.3135","1.3809","2.5647","SUCCESS"
"2026-02-11 22:03:44","XRP/USDT","binance","bybit","36.205648","1.3810","1.3854","0.1593","SUCCESS"
"2026-02-11 22:03:46","XRP/USDT","bybit","binance","37.646662","1.3281","1.3809","1.9863","SUCCESS"
"2026-02-11 22:03:47","XRP/USDT","bybit","binance","37.646662","1.3281","1.3809","1.9863","SUCCESS"
"2026-02-11 22:03:47","XRP/USDT","bybit","binance","37.654742","1.3279","1.3804","1.9786","SUCCESS"
"2026-02-11 22:03:50","DOT/USDT","bybit","binance","40.645450","1.2302","1.2610","1.2539","SUCCESS"
"2026-02-11 22:03:51","DOT/USDT","binance","bybit","39.619651","1.2620","1.2793","0.6874","SUCCESS"
"2026-02-11 22:03:51","XRP/USDT","bybit","binance","37.646662","1.3281","1.3804","1.9675","SUCCESS"
"2026-02-11 22:03:52","XRP/USDT","bybit","binance","37.646662","1.3281","1.3804","1.9675","SUCCESS"
"2026-02-11 22:03:52","XRP/USDT","bybit","binance","15.891181","1.3279","1.3804","0.8350","SUCCESS"
"2026-02-11 22:03:56","DOT/USDT","bybit","binance","40.645450","1.2302","1.2610","1.2539","SUCCESS"
"2026-02-11 22:03:57","DOT/USDT","bybit","binance","40.645450","1.2302","1.2610","1.2539","SUCCESS"
"2026-02-11 22:03:57","DOT/USDT","bybit","binance","40.711971","1.2281","1.2610","1.3378","SUCCESS"
"2026-02-11 22:03:57","DOT/USDT","bybit","binance","40.711971","1.2281","1.2610","1.3378","SUCCESS"
"2026-02-11 22:03:58","DOT/USDT","bybit","binance","40.711971","1.2281","1.2610","1.3378","SUCCESS"
"2026-02-11 22:03:58","DOT/USDT","bybit","binance","40.711971","1.2281","1.2610","1.3378","SUCCESS"
"2026-02-11 22:03:59","DOT/USDT","bybit","binance","40.711971","1.2281","1.2610","1.3378","SUCCESS"
"2026-02-11 22:04:00","DOT/USDT","bybit","binance","40.711971","1.2281","1.2610","1.3378","SUCCESS"
"2026-02-11 22:04:00","DOT/USDT","bybit","binance","10.371857","1.2281","1.2610","0.3408","SUCCESS"
"2026-02-11 22:04:06","DOT/USDT","binance","bybit","39.619651","1.2620","1.2773","0.6046","SUCCESS"
"2026-02-11 22:04:07","DOT/USDT","binance","bybit","39.619651","1.2620","1.2773","0.6058","SUCCESS"
"2026-02-11 22:04:07","DOT/USDT","binance","bybit","39.619651","1.2620","1.2773","0.6058","SUCCESS"
"2026-02-11 22:04:08","DOT/USDT","binance","bybit","39.619651","1.2620","1.2773","0.6054","SUCCESS"
"2026-02-11 22:04:08","DOT/USDT","binance","bybit","39.619651","1.2620","1.2773","0.6054","SUCCESS"
"2026-02-11 22:04:08","DOT/USDT","binance","bybit","39.619651","1.2620","1.2773","0.6054","SUCCESS"
"2026-02-11 22:04:09","DOT/USDT","binance","bybit","39.619651","1.2620","1.2773","0.6054","SUCCESS"
"2026-02-11 22:04:09","DOT/USDT","binance","bybit","39.619651","1.2620","1.2773","0.6054","SUCCESS"
"2026-02-11 22:04:09","DOT/USDT","binance","bybit","20.002589","1.2620","1.2773","0.3056","SUCCESS"
"2026-02-11 22:04:11","DOT/USDT","bybit","binance","40.777047","1.2262","1.2610","1.4199","SUCCESS"
"2026-02-11 22:04:11","XRP/USDT","binance","bybit","36.221385","1.3804","1.4313","1.8426","SUCCESS"
"2026-02-11 22:04:11","XRP/USDT","binance","bybit","36.221385","1.3804","1.4313","1.8426","SUCCESS"
"2026-02-11 22:04:12","DOT/USDT","bybit","binance","40.776382","1.2262","1.2610","1.4190","SUCCESS"
"2026-02-11 22:04:12","XRP/USDT","binance","bybit","36.221385","1.3804","1.4339","1.9382","SUCCESS"
"2026-02-11 22:04:12","DOT/USDT","bybit","binance","40.776382","1.2262","1.2610","1.4190","SUCCESS"
"2026-02-11 22:04:13","XRP/USDT","binance","bybit","36.221385","1.3804","1.4339","1.9382","SUCCESS"
"2026-02-11 22:04:13","DOT/USDT","bybit","binance","40.776382","1.2262","1.2610","1.4190","SUCCESS"
"2026-02-11 22:04:13","XRP/USDT","binance","bybit","36.221385","1.3804","1.4339","1.9382","SUCCESS"
"2026-02-11 22:04:13","DOT/USDT","bybit","binance","40.776382","1.2262","1.2610","1.4190","SUCCESS"
"2026-02-11 22:04:14","XRP/USDT","binance","bybit","36.221385","1.3804","1.4339","1.9382","SUCCESS"
"2026-02-11 22:04:14","DOT/USDT","bybit","binance","40.776382","1.2262","1.2610","1.4190","SUCCESS"
"2026-02-11 22:04:14","DOT/USDT","bybit","binance","40.776382","1.2262","1.2610","1.4190","SUCCESS"
"2026-02-11 22:04:14","XRP/USDT","binance","bybit","36.221385","1.3804","1.4339","1.9382","SUCCESS"
"2026-02-11 22:04:15","DOT/USDT","bybit","binance","40.776382","1.2262","1.2610","1.4190","SUCCESS"
"2026-02-11 22:04:15","XRP/USDT","binance","bybit","36.221385","1.3804","1.4339","1.9382","SUCCESS"
"2026-02-11 22:04:15","XRP/USDT","binance","bybit","36.221385","1.3804","1.4339","1.9382","SUCCESS"
"2026-02-11 22:04:15","DOT/USDT","bybit","binance","10.471117","1.2262","1.2610","0.3644","SUCCESS"
"2026-02-11 22:04:16","XRP/USDT","binance","bybit","36.221385","1.3804","1.4339","1.9382","SUCCESS"
"2026-02-11 22:04:16","XRP/USDT","binance","bybit","32.912867","1.3804","1.4339","1.7611","SUCCESS"
"2026-02-11 22:04:16","DOT/USDT","binance","bybit","39.619651","1.2620","1.2753","0.5254","SUCCESS"
"2026-02-11 22:04:16","DOT/USDT","binance","bybit","39.619651","1.2620","1.2753","0.5254","SUCCESS"
"2026-02-11 22:04:17","DOT/USDT","binance","bybit","39.619651","1.2620","1.2752","0.5246","SUCCESS"
"2026-02-11 22:04:17","DOT/USDT","binance","bybit","39.619651","1.2620","1.2752","0.5246","SUCCESS"
"2026-02-11 22:04:17","DOT/USDT","binance","bybit","39.619651","1.2620","1.2752","0.5246","SUCCESS"
"2026-02-11 22:04:18","DOT/USDT","binance","bybit","39.619651","1.2620","1.2752","0.5246","SUCCESS"
"2026-02-11 22:04:18","DOT/USDT","binance","bybit","39.619651","1.2620","1.2752","0.5246","SUCCESS"
"2026-02-11 22:04:18","ADA/USDT","bybit","binance","201.612903","0.2480","0.2572","1.8548","SUCCESS"
"2026-02-11 22:04:19","DOT/USDT","binance","bybit","39.619651","1.2620","1.2752","0.5246","SUCCESS"
"2026-02-11 22:04:19","DOT/USDT","binance","bybit","19.388947","1.2620","1.2752","0.2567","SUCCESS"
"2026-02-11 22:04:19","ADA/USDT","bybit","binance","200.000000","0.2500","0.2572","1.4400","SUCCESS"
"2026-02-11 22:04:19","ADA/USDT","bybit","binance","200.000000","0.2500","0.2572","1.4400","SUCCESS"
"2026-02-11 22:04:20","ADA/USDT","bybit","binance","200.000000","0.2500","0.2572","1.4400","SUCCESS"
"2026-02-11 22:04:20","ADA/USDT","bybit","binance","200.000000","0.2500","0.2572","1.4400","SUCCESS"
"2026-02-11 22:04:20","ADA/USDT","bybit","binance","200.000000","0.2500","0.2572","1.4400","SUCCESS"
"2026-02-11 22:04:20","ADA/USDT","bybit","binance","200.000000","0.2500","0.2572","1.4400","SUCCESS"
"2026-02-11 22:04:21","ADA/USDT","bybit","binance","200.000000","0.2500","0.2572","1.4400","SUCCESS"
"2026-02-11 22:04:21","ADA/USDT","bybit","binance","108.387097","0.2500","0.2572","0.7804","SUCCESS"
"2026-02-11 22:04:22","DOT/USDT","bybit","binance","40.777713","1.2262","1.2610","1.4207","SUCCESS"
"2026-02-11 22:04:22","DOT/USDT","bybit","binance","40.840331","1.2243","1.2610","1.4997","SUCCESS"
"2026-02-11 22:04:23","DOT/USDT","bybit","binance","40.840331","1.2243","1.2610","1.4997","SUCCESS"
"2026-02-11 22:04:23","DOT/USDT","bybit","binance","40.840331","1.2243","1.2610","1.4997","SUCCESS"
"2026-02-11 22:04:24","DOT/USDT","bybit","binance","40.840331","1.2243","1.2620","1.5405","SUCCESS"
"2026-02-11 22:04:24","DOT/USDT","bybit","binance","40.840331","1.2243","1.2620","1.5405","SUCCESS"
"2026-02-11 22:04:24","DOT/USDT","bybit","binance","40.840331","1.2243","1.2620","1.5405","SUCCESS"
"2026-02-11 22:04:25","DOT/USDT","bybit","binance","40.840331","1.2243","1.2620","1.5405","SUCCESS"
"2026-02-11 22:04:25","DOT/USDT","bybit","binance","9.349784","1.2243","1.2620","0.3527","SUCCESS"
"2026-02-11 22:04:26","DOT/USDT","binance","bybit","39.588282","1.2630","1.2733","0.4070","SUCCESS"
"2026-02-11 22:04:26","DOT/USDT","binance","bybit","39.588282","1.2630","1.2733","0.4062","SUCCESS"
"2026-02-11 22:04:27","DOT/USDT","binance","bybit","39.588282","1.2630","1.2733","0.4062","SUCCESS"
"2026-02-11 22:04:27","DOT/USDT","binance","bybit","39.588282","1.2630","1.2733","0.4062","SUCCESS"
"2026-02-11 22:04:28","DOT/USDT","binance","bybit","39.588282","1.2630","1.2733","0.4062","SUCCESS"
"2026-02-11 22:04:28","DOT/USDT","binance","bybit","39.588282","1.2630","1.2733","0.4062","SUCCESS"
"2026-02-11 22:04:29","DOT/USDT","binance","bybit","39.588282","1.2630","1.2733","0.4062","SUCCESS"
"2026-02-11 22:04:30","DOT/USDT","binance","bybit","39.588282","1.2630","1.2733","0.4062","SUCCESS"
"2026-02-11 22:04:30","DOT/USDT","binance","bybit","18.967546","1.2630","1.2733","0.1946","SUCCESS"
"2026-02-11 22:04:31","DOT/USDT","bybit","binance","40.905818","1.2223","1.2620","1.6231","SUCCESS"
"2026-02-11 22:04:32","DOT/USDT","bybit","binance","40.905818","1.2223","1.2620","1.6231","SUCCESS"
"2026-02-11 22:04:32","DOT/USDT","bybit","binance","40.905149","1.2223","1.2620","1.6223","SUCCESS"
"2026-02-11 22:04:32","DOT/USDT","bybit","binance","40.905149","1.2223","1.2620","1.6223","SUCCESS"
"2026-02-11 22:04:33","DOT/USDT","bybit","binance","40.905149","1.2223","1.2620","1.6223","SUCCESS"
"2026-02-11 22:04:33","XRP/USDT","bybit","binance","36.380702","1.3744","1.3804","0.2199","SUCCESS"
"2026-02-11 22:04:33","DOT/USDT","bybit","binance","40.905149","1.2223","1.2620","1.6223","SUCCESS"
"2026-02-11 22:04:33","XRP/USDT","bybit","binance","36.380702","1.3744","1.3804","0.2199","SUCCESS"
"2026-02-11 22:04:33","DOT/USDT","bybit","binance","40.905149","1.2223","1.2620","1.6223","SUCCESS"
"2026-02-11 22:04:33","XRP/USDT","bybit","binance","36.380702","1.3744","1.3804","0.2199","SUCCESS"
"2026-02-11 22:04:33","DOT/USDT","bybit","binance","40.905149","1.2223","1.2620","1.6223","SUCCESS"
"2026-02-11 22:04:34","XRP/USDT","bybit","binance","36.380702","1.3744","1.3804","0.2199","SUCCESS"
"2026-02-11 22:04:34","XRP/USDT","bybit","binance","36.380702","1.3744","1.3804","0.2199","SUCCESS"
"2026-02-11 22:04:35","XRP/USDT","bybit","binance","36.380702","1.3744","1.3804","0.2199","SUCCESS"
"2026-02-11 22:04:36","XRP/USDT","bybit","binance","36.380702","1.3744","1.3804","0.2199","SUCCESS"
"2026-02-11 22:04:36","XRP/USDT","bybit","binance","36.380702","1.3744","1.3804","0.2199","SUCCESS"
"2026-02-11 22:04:36","XRP/USDT","bybit","binance","36.380702","1.3744","1.3804","0.2199","SUCCESS"
"2026-02-11 22:04:37","XRP/USDT","bybit","binance","36.380702","1.3744","1.3804","0.2199","SUCCESS"
"2026-02-11 22:04:37","XRP/USDT","bybit","binance","33.624569","1.3744","1.3804","0.2033","SUCCESS"
"2026-02-11 22:04:38","XRP/USDT","binance","bybit","36.218761","1.3805","1.4288","1.7491","SUCCESS"
"2026-02-11 22:04:38","XRP/USDT","binance","bybit","36.218761","1.3805","1.4288","1.7491","SUCCESS"
"2026-02-11 22:04:39","DOT/USDT","binance","bybit","39.588282","1.2630","1.2712","0.3258","SUCCESS"
"2026-02-11 22:04:39","XRP/USDT","binance","bybit","36.218761","1.3808","1.4288","1.7382","SUCCESS"
"2026-02-11 22:04:39","DOT/USDT","binance","bybit","39.588282","1.2630","1.2712","0.3258","SUCCESS"
"2026-02-11 22:04:39","XRP/USDT","binance","bybit","36.218761","1.3808","1.4293","1.7577","SUCCESS"
"2026-02-11 22:04:39","DOT/USDT","binance","bybit","39.588282","1.2630","1.2712","0.3258","SUCCESS"
"2026-02-11 22:04:40","DOT/USDT","binance","bybit","39.588282","1.2630","1.2712","0.3258","SUCCESS"
"2026-02-11 22:04:40","XRP/USDT","binance","bybit","36.216138","1.3808","1.4293","1.7575","SUCCESS"
"2026-02-11 22:04:40","DOT/USDT","binance","bybit","39.588282","1.2630","1.2712","0.3250","SUCCESS"
"2026-02-11 22:04:40","XRP/USDT","binance","bybit","36.213515","1.3808","1.4293","1.7572","SUCCESS"
"2026-02-11 22:04:40","DOT/USDT","binance","bybit","39.588282","1.2630","1.2712","0.3250","SUCCESS"
"2026-02-11 22:04:40","DOT/USDT","binance","bybit","39.588282","1.2630","1.2712","0.3250","SUCCESS"
"2026-02-11 22:04:41","DOT/USDT","binance","bybit","39.588282","1.2630","1.2712","0.3250","SUCCESS"
"2026-02-11 22:04:41","XRP/USDT","binance","bybit","36.210892","1.3808","1.4293","1.7570","SUCCESS"
"2026-02-11 22:04:41","XRP/USDT","binance","bybit","36.210892","1.3808","1.4293","1.7570","SUCCESS"
"2026-02-11 22:04:41","XRP/USDT","binance","bybit","36.210892","1.3808","1.4293","1.7570","SUCCESS"
"2026-02-11 22:04:41","DOT/USDT","binance","bybit","10.209034","1.2620","1.2712","0.0940","SUCCESS"
"2026-02-11 22:04:42","XRP/USDT","binance","bybit","36.210892","1.3808","1.4293","1.7570","SUCCESS"
"2026-02-11 22:04:42","XRP/USDT","bybit","binance","36.380755","1.3744","1.3807","0.2309","SUCCESS"
"2026-02-11 22:04:42","DOT/USDT","bybit","binance","40.907157","1.2223","1.2610","1.5839","SUCCESS"
"2026-02-11 22:04:42","XRP/USDT","bybit","binance","36.380755","1.3744","1.3807","0.2309","SUCCESS"
"2026-02-11 22:04:42","DOT/USDT","bybit","binance","40.971517","1.2204","1.2610","1.6651","SUCCESS"
"2026-02-11 22:04:43","XRP/USDT","bybit","binance","36.380782","1.3744","1.3807","0.2309","SUCCESS"
"2026-02-11 22:04:43","DOT/USDT","bybit","binance","40.971517","1.2204","1.2610","1.6651","SUCCESS"
"2026-02-11 22:04:43","XRP/USDT","bybit","binance","36.380782","1.3744","1.3807","0.2309","SUCCESS"
"2026-02-11 22:04:43","DOT/USDT","bybit","binance","40.970509","1.2204","1.2610","1.6638","SUCCESS"
"2026-02-11 22:04:43","XRP/USDT","bybit","binance","36.439218","1.3721","1.3807","0.3116","SUCCESS"
"2026-02-11 22:04:44","DOT/USDT","bybit","binance","40.970509","1.2204","1.2610","1.6638","SUCCESS"
"2026-02-11 22:04:44","XRP/USDT","bybit","binance","36.439138","1.3722","1.3807","0.3115","SUCCESS"
"2026-02-11 22:04:44","DOT/USDT","bybit","binance","40.970509","1.2204","1.2610","1.6638","SUCCESS"
"2026-02-11 22:04:44","DOT/USDT","bybit","binance","40.969838","1.2204","1.2610","1.6630","SUCCESS"
"2026-02-11 22:04:45","XRP/USDT","bybit","binance","36.439138","1.3722","1.3807","0.3115","SUCCESS"
"2026-02-11 22:04:45","XRP/USDT","bybit","binance","36.439112","1.3722","1.3807","0.3115","SUCCESS"
"2026-02-11 22:04:45","DOT/USDT","bybit","binance","40.969838","1.2204","1.2610","1.6630","SUCCESS"
"2026-02-11 22:04:46","XRP/USDT","bybit","binance","36.439112","1.3722","1.3807","0.3115","SUCCESS"
"2026-02-11 22:04:46","XRP/USDT","binance","bybit","36.210892","1.3808","1.4201","1.4228","SUCCESS"
"2026-02-11 22:04:46","XRP/USDT","binance","bybit","36.210892","1.3808","1.4270","1.6742","SUCCESS"
"2026-02-11 22:04:46","XRP/USDT","binance","bybit","36.210892","1.3808","1.4270","1.6742","SUCCESS"
"2026-02-11 22:04:46","DOT/USDT","binance","bybit","39.619651","1.2620","1.2692","0.2861","SUCCESS"
"2026-02-11 22:04:47","XRP/USDT","binance","bybit","36.210892","1.3808","1.4270","1.6742","SUCCESS"
"2026-02-11 22:04:47","DOT/USDT","binance","bybit","39.619651","1.2620","1.2692","0.2853","SUCCESS"
"2026-02-11 22:04:47","XRP/USDT","binance","bybit","36.210892","1.3808","1.4270","1.6742","SUCCESS"
"2026-02-11 22:04:48","XRP/USDT","binance","bybit","36.210892","1.3808","1.4270","1.6742","SUCCESS"
"2026-02-11 22:04:48","XRP/USDT","binance","bybit","36.210892","1.3808","1.4270","1.6742","SUCCESS"
"2026-02-11 22:04:48","XRP/USDT","binance","bybit","36.210892","1.3808","1.4270","1.6742","SUCCESS"
"2026-02-11 22:04:49","XRP/USDT","binance","bybit","36.210892","1.3808","1.4270","1.6742","SUCCESS"
"2026-02-11 22:04:49","XRP/USDT","binance","bybit","36.210892","1.3808","1.4270","1.6742","SUCCESS"
"2026-02-11 22:09:51","XRP/USDT","bybit","binance","36.308289","1.3771","1.3830","0.2144","SUCCESS"
"2026-02-11 22:09:54","XRP/USDT","binance","bybit","36.150676","1.3831","1.5000","4.2266","SUCCESS"
"2026-02-11 22:09:57","XRP/USDT","bybit","binance","36.366572","1.3749","1.3830","0.2950","SUCCESS"
"2026-02-11 22:10:00","XRP/USDT","bybit","binance","36.581610","1.3668","1.3830","0.5924","SUCCESS"
"2026-02-11 22:10:03","XRP/USDT","binance","bybit","36.168981","1.3823","1.3868","0.1625","SUCCESS"
"2026-02-11 22:10:06","XRP/USDT","bybit","binance","37.597490","1.3299","1.3822","1.9673","SUCCESS"
"2026-02-11 22:10:09","XRP/USDT","bybit","binance","37.616923","1.3292","1.3822","1.9941","SUCCESS"
"2026-02-11 22:10:12","XRP/USDT","bybit","binance","37.597490","1.3299","1.3822","1.9673","SUCCESS"
"2026-02-11 22:10:15","XRP/USDT","bybit","binance","37.616866","1.3292","1.3822","1.9940","SUCCESS"
"2026-02-11 22:10:26","XRP/USDT","bybit","binance","37.616951","1.3292","1.3821","1.9904","SUCCESS"
"2026-02-11 22:10:31","XRP/USDT","bybit","binance","37.683320","1.3268","1.3821","2.0821","SUCCESS"
"2026-02-11 22:10:34","XRP/USDT","bybit","binance","37.684144","1.3268","1.3821","2.0833","SUCCESS"
"2026-02-11 22:10:36","BTC/USDT","binance","bybit","0.000738","67707.9900","68056.8000","0.2576","SUCCESS"
"2026-02-11 22:10:41","XRP/USDT","binance","bybit","36.153290","1.3830","1.6865","10.9731","SUCCESS"
"2026-02-11 22:10:43","XRP/USDT","binance","bybit","36.153290","1.3830","1.4349","1.8761","SUCCESS"
"2026-02-11 22:10:51","XRP/USDT","binance","bybit","36.153290","1.3830","1.4349","1.8762","SUCCESS"
"2026-02-11 22:10:53","XRP/USDT","binance","bybit","36.153290","1.3830","1.4351","1.8829","SUCCESS"
"2026-02-11 22:10:56","XRP/USDT","bybit","binance","36.293004","1.3777","1.3819","0.1533","SUCCESS"
"2026-02-11 22:10:59","XRP/USDT","bybit","binance","36.292951","1.3777","1.3819","0.1532","SUCCESS"
"2026-02-11 22:11:02","XRP/USDT","binance","bybit","36.179450","1.3820","1.4328","1.8373","SUCCESS"
"2026-02-11 22:11:05","XRP/USDT","binance","bybit","36.179450","1.3820","1.4328","1.8373","SUCCESS"
"2026-02-11 22:11:08","XRP/USDT","bybit","binance","36.351026","1.3755","1.3819","0.2335","SUCCESS"
"2026-02-11 22:11:11","XRP/USDT","binance","bybit","36.179450","1.3820","1.4288","1.6929","SUCCESS"
"2026-02-11 22:11:14","XRP/USDT","binance","bybit","36.192544","1.3815","1.4305","1.7732","SUCCESS"
"2026-02-11 22:11:17","XRP/USDT","bybit","binance","36.409260","1.3733","1.3814","0.2958","SUCCESS"
"2026-02-11 22:11:20","XRP/USDT","bybit","binance","36.409260","1.3733","1.3814","0.2958","SUCCESS"
"2026-02-11 22:11:23","XRP/USDT","binance","bybit","36.192544","1.3815","1.4282","1.6904","SUCCESS"
"2026-02-11 22:11:26","XRP/USDT","bybit","binance","36.467496","1.3711","1.3814","0.3762","SUCCESS"
"2026-02-11 22:11:29","XRP/USDT","binance","bybit","36.192544","1.3816","1.4282","1.6869","SUCCESS"
"2026-02-11 22:11:32","XRP/USDT","binance","bybit","36.189925","1.3816","1.4259","1.6039","SUCCESS"
"2026-02-11 22:11:35","XRP/USDT","binance","bybit","36.189925","1.3816","1.4259","1.6039","SUCCESS"
"2026-02-11 22:11:38","XRP/USDT","bybit","binance","36.525971","1.3689","1.3815","0.4606","SUCCESS"
"2026-02-11 22:11:41","XRP/USDT","binance","bybit","36.189925","1.3816","1.4201","1.3930","SUCCESS"
"2026-02-11 22:11:44","XRP/USDT","binance","bybit","36.189925","1.3816","1.4236","1.5215","SUCCESS"
"2026-02-11 22:11:47","XRP/USDT","bybit","binance","36.584366","1.3667","1.3820","0.5596","SUCCESS"
"2026-02-11 22:11:50","XRP/USDT","bybit","binance","36.584366","1.3667","1.3820","0.5596","SUCCESS"
"2026-02-11 22:11:53","XRP/USDT","binance","bybit","36.176832","1.3821","1.4214","1.4207","SUCCESS"
"2026-02-11 22:11:56","XRP/USDT","bybit","binance","36.581610","1.3668","1.3820","0.5558","SUCCESS"
"2026-02-11 22:11:59","XRP/USDT","binance","bybit","36.176832","1.3821","1.4214","1.4207","SUCCESS"
"2026-02-11 22:12:02","XRP/USDT","binance","bybit","36.176832","1.3821","1.4055","0.8461","SUCCESS"
"2026-02-11 22:12:05","XRP/USDT","binance","bybit","36.189925","1.3816","1.4191","1.3569","SUCCESS"
"2026-02-11 22:12:08","XRP/USDT","bybit","binance","36.701638","1.3623","1.3815","0.7033","SUCCESS"
"2026-02-11 22:12:11","XRP/USDT","binance","bybit","36.189925","1.3816","1.4055","0.8645","SUCCESS"
"2026-02-11 22:12:14","XRP/USDT","binance","bybit","13.679559","1.3816","1.4168","0.4819","SUCCESS"
"2026-02-11 22:12:16","BTC/USDT","binance","bybit","0.000739","67698.0000","67907.6000","0.1548","SUCCESS"
"2026-02-11 22:12:17","XRP/USDT","bybit","binance","36.760462","1.3602","1.3815","0.7846","SUCCESS"
"2026-02-11 22:12:20","XRP/USDT","bybit","binance","36.760462","1.3602","1.3815","0.7846","SUCCESS"
"2026-02-11 22:12:22","XRP/USDT","binance","bybit","36.189925","1.3816","1.4146","1.1929","SUCCESS"
"2026-02-11 22:12:25","XRP/USDT","binance","bybit","36.189925","1.3816","1.4146","1.1929","SUCCESS"
"2026-02-11 22:12:26","BTC/USDT","binance","bybit","0.000739","67691.2700","67907.6000","0.1598","SUCCESS"
"2026-02-11 22:12:28","XRP/USDT","bybit","binance","36.819394","1.3580","1.3815","0.8660","SUCCESS"
"2026-02-11 22:12:31","BTC/USDT","binance","bybit","0.000739","67691.2700","67907.6000","0.1598","SUCCESS"
"2026-02-11 22:12:31","XRP/USDT","binance","bybit","36.189925","1.3816","1.4055","0.8645","SUCCESS"
"2026-02-11 22:12:36","XRP/USDT","bybit","binance","36.687877","1.3628","1.3815","0.6843","SUCCESS"
"2026-02-11 22:12:37","BTC/USDT","binance","bybit","0.000739","67691.2700","67907.6000","0.1598","SUCCESS"
"2026-02-11 22:12:40","XRP/USDT","binance","bybit","36.197785","1.3813","1.4123","1.1221","SUCCESS"
"2026-02-11 22:12:41","BTC/USDT","binance","bybit","0.000739","67678.0600","67907.6000","0.1696","SUCCESS"
"2026-02-11 22:12:44","BTC/USDT","binance","bybit","0.000739","67678.0600","67907.6000","0.1696","SUCCESS"
"2026-02-11 22:12:46","XRP/USDT","bybit","binance","36.929749","1.3539","1.3812","1.0074","SUCCESS"
"2026-02-11 22:12:47","BTC/USDT","binance","bybit","0.000739","67678.0600","67907.6000","0.1696","SUCCESS"
"2026-02-11 22:12:49","XRP/USDT","binance","bybit","36.197785","1.3813","1.4100","1.0402","SUCCESS"
"2026-02-11 22:12:51","BTC/USDT","binance","bybit","0.000739","67678.0600","67907.6000","0.1696","SUCCESS"
"2026-02-11 22:12:56","BTC/USDT","binance","bybit","0.000739","67684.1100","67907.6000","0.1651","SUCCESS"
"2026-02-11 22:12:56","XRP/USDT","bybit","binance","36.929749","1.3539","1.3811","1.0037","SUCCESS"
"2026-02-11 22:12:59","XRP/USDT","binance","bybit","36.200405","1.3812","1.4078","0.9621","SUCCESS"
"2026-02-11 22:13:01","BTC/USDT","binance","bybit","0.000739","67684.1100","67907.6000","0.1651","SUCCESS"
"2026-02-11 22:13:06","XRP/USDT","bybit","binance","37.030783","1.3502","1.3811","1.1432","SUCCESS"
"2026-02-11 22:13:09","XRP/USDT","binance","bybit","36.200405","1.3812","1.4055","0.8805","SUCCESS"
"2026-02-11 22:13:16","XRP/USDT","bybit","binance","36.929749","1.3539","1.3817","1.0258","SUCCESS"
"2026-02-11 22:13:19","XRP/USDT","binance","bybit","36.184687","1.3818","1.4033","0.7769","SUCCESS"
"2026-02-11 22:13:26","BTC/USDT","binance","bybit","0.000739","67697.0000","67907.6000","0.1555","SUCCESS"
"2026-02-11 22:13:26","XRP/USDT","bybit","binance","36.929749","1.3539","1.3817","1.0258","SUCCESS"
"2026-02-11 22:13:29","XRP/USDT","binance","bybit","36.184687","1.3816","1.4010","0.7028","SUCCESS"
"2026-02-11 22:13:33","BTC/USDT","binance","bybit","0.000739","67685.6200","67907.6000","0.1640","SUCCESS"
"2026-02-11 22:13:36","BTC/USDT","binance","bybit","0.000739","67685.6200","67907.6000","0.1640","SUCCESS"
"2026-02-11 22:13:36","XRP/USDT","bybit","binance","36.929749","1.3539","1.3815","1.0184","SUCCESS"
"2026-02-11 22:13:38","BTC/USDT","binance","bybit","0.000739","67685.6200","67907.6000","0.1640","SUCCESS"
"2026-02-11 22:13:39","XRP/USDT","binance","bybit","36.189925","1.3816","1.3988","0.6217","SUCCESS"
"2026-02-11 22:13:41","BTC/USDT","binance","bybit","0.000739","67685.6200","67907.6000","0.1640","SUCCESS"
"2026-02-11 22:13:44","BTC/USDT","binance","bybit","0.000739","67685.6200","67907.6000","0.1640","SUCCESS"
"2026-02-11 22:13:46","XRP/USDT","bybit","binance","36.929749","1.3539","1.3815","1.0184","SUCCESS"
"2026-02-11 22:13:47","BTC/USDT","binance","bybit","0.000739","67688.9800","67907.6000","0.1615","SUCCESS"
"2026-02-11 22:13:49","XRP/USDT","bybit","binance","37.294646","1.3407","1.3816","1.5263","SUCCESS"
"2026-02-11 22:13:51","BTC/USDT","binance","bybit","0.000739","67688.9800","67907.6000","0.1615","SUCCESS"
"2026-02-11 22:13:52","XRP/USDT","bybit","binance","36.929749","1.3539","1.3816","1.0221","SUCCESS"
"2026-02-11 22:13:55","XRP/USDT","bybit","binance","37.294619","1.3407","1.3816","1.5262","SUCCESS"
"2026-02-11 22:13:56","BTC/USDT","bybit","binance","0.000741","67460.0000","67688.9700","0.1697","SUCCESS"
"2026-02-11 22:13:57","XRP/USDT","binance","bybit","36.187305","1.3817","1.3934","0.4252","SUCCESS"
"2026-02-11 22:14:00","XRP/USDT","binance","bybit","36.187305","1.3817","1.3943","0.4558","SUCCESS"
"2026-02-11 22:14:03","XRP/USDT","bybit","binance","37.308839","1.3402","1.3816","1.5459","SUCCESS"
"2026-02-11 22:14:06","BTC/USDT","bybit","binance","0.000741","67460.0000","67691.9900","0.1719","SUCCESS"
"2026-02-11 22:14:09","BTC/USDT","bybit","binance","0.000741","67460.0000","67691.9900","0.1719","SUCCESS"
"2026-02-11 22:14:10","XRP/USDT","binance","bybit","36.182068","1.3819","1.3921","0.3679","SUCCESS"
"2026-02-11 22:14:12","XRP/USDT","bybit","binance","37.354634","1.3385","1.3818","1.6166","SUCCESS"
"2026-02-11 22:14:15","XRP/USDT","bybit","binance","37.354690","1.3385","1.3818","1.6167","SUCCESS"
"2026-02-11 22:14:18","XRP/USDT","binance","bybit","36.182068","1.3819","1.3934","0.4179","SUCCESS"
"2026-02-11 22:14:21","XRP/USDT","bybit","binance","37.354690","1.3385","1.3821","1.6279","SUCCESS"
"2026-02-11 22:14:24","XRP/USDT","bybit","binance","37.414592","1.3364","1.3821","1.7107","SUCCESS"
"2026-02-11 22:14:26","BTC/USDT","bybit","binance","0.000741","67460.0000","67698.0000","0.1764","SUCCESS"
"2026-02-11 22:14:29","BTC/USDT","bybit","binance","0.000741","67460.0000","67698.0000","0.1764","SUCCESS"
"2026-02-11 22:14:30","XRP/USDT","binance","bybit","36.174215","1.3822","1.7367","12.8227","SUCCESS"
"2026-02-11 22:14:32","BTC/USDT","bybit","binance","0.000741","67460.0000","67698.0000","0.1764","SUCCESS"
"2026-02-11 22:14:34","XRP/USDT","binance","bybit","36.174215","1.3822","1.4467","2.3344","SUCCESS"
"2026-02-11 22:14:36","BTC/USDT","bybit","binance","0.000741","67460.0000","67698.0000","0.1764","SUCCESS"
"2026-02-11 22:14:37","XRP/USDT","binance","bybit","36.174215","1.3822","1.3898","0.2759","SUCCESS"
"2026-02-11 22:14:40","XRP/USDT","binance","bybit","36.176832","1.3821","1.3898","0.2795","SUCCESS"
"2026-02-11 22:14:41","BTC/USDT","bybit","binance","0.000741","67460.0000","67690.0000","0.1705","SUCCESS"
"2026-02-11 22:14:43","XRP/USDT","bybit","binance","37.308839","1.3402","1.3820","1.5608","SUCCESS"
"2026-02-11 22:14:45","XRP/USDT","bybit","binance","37.474658","1.3342","1.3820","1.7900","SUCCESS"
"2026-02-11 22:14:46","BTC/USDT","bybit","binance","0.000741","67460.0000","67690.0000","0.1705","SUCCESS"
"2026-02-11 22:14:49","BTC/USDT","bybit","binance","0.000741","67460.0000","67690.0000","0.1705","SUCCESS"
"2026-02-11 22:14:50","XRP/USDT","binance","bybit","36.176832","1.3821","1.7367","12.8272","SUCCESS"
"2026-02-11 22:14:52","BTC/USDT","bybit","binance","0.000741","67460.0000","67690.0000","0.1705","SUCCESS"
"2026-02-11 22:15:30","XRP/USDT","binance->bybit","54.265249","1.3819","1.4326","0.1527","2.5982","SUCCESS"
"2026-02-11 22:15:31","BTC/USDT","bybit->binance","0.001114","67310.8000","67691.7100","0.1504","0.2740","SUCCESS"
"2026-02-11 22:15:33","XRP/USDT","bybit->binance","54.533834","1.3753","1.3818","0.1504","0.2045","SUCCESS"
"2026-02-11 22:15:36","XRP/USDT","binance->bybit","54.273102","1.3819","1.4288","0.1525","2.3924","SUCCESS"
"2026-02-11 22:15:41","XRP/USDT","bybit->binance","54.534072","1.3753","1.3818","0.1504","0.2048","SUCCESS"
"2026-02-11 22:15:42","BTC/USDT","bybit->binance","0.001112","67431.4000","67691.7100","0.1503","0.1392","SUCCESS"
"2026-02-11 22:15:44","XRP/USDT","binance->bybit","54.273102","1.3819","1.6266","0.1633","13.1158","SUCCESS"
"2026-02-11 22:15:46","BTC/USDT","bybit->binance","0.001112","67474.8000","67691.7100","0.1502","0.0909","SUCCESS"
"2026-02-11 22:15:49","BTC/USDT","bybit->binance","0.001112","67438.3000","67669.0000","0.1503","0.1063","SUCCESS"
"2026-02-11 22:15:56","XRP/USDT","bybit->binance","55.963258","1.3402","1.3813","0.1523","2.1497","SUCCESS"
"2026-02-11 22:15:59","XRP/USDT","binance->bybit","54.292746","1.3814","1.3886","0.1504","0.2383","SUCCESS"
"2026-02-11 22:16:06","XRP/USDT","bybit->binance","55.963258","1.3402","1.3807","0.1523","2.1162","SUCCESS"
"2026-02-11 22:16:09","XRP/USDT","bybit->binance","56.353691","1.3309","1.3807","0.1528","2.6547","SUCCESS"
"2026-02-11 22:16:12","XRP/USDT","bybit->binance","56.353606","1.3309","1.3807","0.1528","2.6546","SUCCESS"
"2026-02-11 22:16:15","XRP/USDT","bybit->binance","56.353606","1.3309","1.3807","0.1528","2.6546","SUCCESS"
"2026-02-11 22:16:21","XRP/USDT","bybit->binance","56.396235","1.3299","1.3807","0.1529","2.7134","SUCCESS"
"2026-02-11 22:16:24","XRP/USDT","bybit->binance","56.443856","1.3288","1.3813","0.1530","2.8129","SUCCESS"
"2026-02-11 22:16:31","XRP/USDT","bybit->binance","55.459908","1.3268","1.3813","0.1502","2.8698","SUCCESS"
"2026-02-11 22:16:41","XRP/USDT","binance->bybit","54.296677","1.3813","1.4313","0.1527","2.5586","SUCCESS"
"2026-02-11 22:16:44","XRP/USDT","binance->bybit","54.292746","1.3814","1.4349","0.1529","2.7506","SUCCESS"
"2026-02-11 22:16:48","XRP/USDT","binance->bybit","54.292746","1.3814","1.4349","0.1529","2.7507","SUCCESS"
"2026-02-11 22:16:51","XRP/USDT","binance->bybit","54.292746","1.3814","1.4313","0.1527","2.5549","SUCCESS"
"2026-02-11 22:16:54","XRP/USDT","binance->bybit","54.292746","1.3814","1.4349","0.1529","2.7505","SUCCESS"
"2026-02-11 22:17:01","XRP/USDT","binance->bybit","54.280958","1.3817","1.4313","0.1527","2.5381","SUCCESS"
"2026-02-11 22:17:04","XRP/USDT","binance->bybit","54.280958","1.3817","1.4326","0.1528","2.6094","SUCCESS"
"2026-02-11 22:17:08","XRP/USDT","bybit->binance","54.533953","1.3753","1.3816","0.1503","0.1938","SUCCESS"
"2026-02-11 22:17:11","XRP/USDT","binance->bybit","54.280958","1.3817","1.4288","0.1526","2.4036","SUCCESS"
"2026-02-11 22:17:14","XRP/USDT","binance->bybit","15.227479","1.3813","1.4303","0.0428","0.7033","SUCCESS"
"2026-02-11 22:17:18","XRP/USDT","bybit->binance","54.621130","1.3731","1.3812","0.1504","0.2923","SUCCESS"
"2026-02-11 22:17:21","XRP/USDT","binance->bybit","54.296677","1.3813","1.4201","0.1521","1.9541","SUCCESS"
"2026-02-11 22:17:28","XRP/USDT","bybit->binance","54.708665","1.3709","1.3812","0.1506","0.4130","SUCCESS"
"2026-02-11 22:17:34","XRP/USDT","bybit->binance","54.708626","1.3709","1.3808","0.1505","0.3911","SUCCESS"
"2026-02-11 22:17:36","XRP/USDT","binance->bybit","54.312405","1.3809","1.4201","0.1521","1.9764","SUCCESS"
"2026-02-11 22:17:39","XRP/USDT","binance->bybit","54.312405","1.3809","1.4257","0.1524","2.2822","SUCCESS"
"2026-02-11 22:17:46","XRP/USDT","bybit->binance","54.708705","1.3709","1.3808","0.1505","0.3912","SUCCESS"
"2026-02-11 22:17:49","XRP/USDT","bybit->binance","54.796522","1.3687","1.3808","0.1507","0.5124","SUCCESS"
"2026-02-11 22:17:54","XRP/USDT","bybit->binance","54.796362","1.3687","1.3808","0.1507","0.5122","SUCCESS"
"2026-02-11 22:17:57","XRP/USDT","binance->bybit","54.312405","1.3809","1.4201","0.1521","1.9764","SUCCESS"
"2026-02-11 22:18:00","XRP/USDT","binance->bybit","54.312405","1.3809","1.4234","0.1523","2.1586","SUCCESS"
"2026-02-11 22:18:03","XRP/USDT","bybit->binance","54.872414","1.3668","1.3808","0.1508","0.6171","SUCCESS"
"2026-02-11 22:18:06","XRP/USDT","binance->bybit","54.304540","1.3811","1.4201","0.1521","1.9653","SUCCESS"
"2026-02-11 22:18:09","XRP/USDT","binance->bybit","54.304540","1.3811","1.4212","0.1522","2.0239","SUCCESS"
"2026-02-11 22:18:12","XRP/USDT","bybit->binance","54.884461","1.3665","1.3810","0.1508","0.6446","SUCCESS"
"2026-02-11 22:18:15","XRP/USDT","bybit->binance","54.972320","1.3643","1.3810","0.1509","0.7659","SUCCESS"
"2026-02-11 22:18:19","XRP/USDT","binance->bybit","54.304540","1.3811","1.4201","0.1521","1.9653","SUCCESS"
"2026-02-11 22:18:21","XRP/USDT","bybit->binance","54.972561","1.3643","1.3810","0.1509","0.7662","SUCCESS"
"2026-02-11 22:18:24","XRP/USDT","binance->bybit","54.292746","1.3814","1.4790","0.1553","5.1460","SUCCESS"
"2026-02-11 22:18:27","XRP/USDT","binance->bybit","54.292746","1.3814","1.6926","0.1669","16.7273","SUCCESS"
"2026-02-11 22:18:36","BTC/USDT","binance->bybit","0.001109","67613.4200","67907.6000","0.1503","0.1760","SUCCESS"
"2026-02-11 22:18:40","XRP/USDT","bybit->binance","57.264017","1.3097","1.3825","0.1542","4.0133","SUCCESS"
"2026-02-11 22:18:43","XRP/USDT","binance->bybit","54.245624","1.3826","1.5000","0.1564","6.2130","SUCCESS"
"2026-02-11 22:18:46","BTC/USDT","binance->bybit","0.001109","67648.0000","67907.6000","0.1503","0.1375","SUCCESS"
"2026-02-11 22:18:46","XRP/USDT","binance->bybit","7.481270","1.3826","1.4467","0.0212","0.4586","SUCCESS"
"2026-02-11 22:18:50","XRP/USDT","bybit->binance","65.382781","1.1471","1.3825","0.1654","15.2263","SUCCESS"
"2026-02-11 22:18:51","BTC/USDT","binance->bybit","0.001109","67648.0000","67907.6000","0.1503","0.1375","SUCCESS"
"2026-02-11 22:18:54","BTC/USDT","binance->bybit","0.001109","67648.9900","67907.6000","0.1503","0.1364","SUCCESS"
"2026-02-11 22:18:56","XRP/USDT","binance->bybit","54.237778","1.3828","1.4313","0.1526","2.4763","SUCCESS"
"2026-02-11 22:18:58","BTC/USDT","binance->bybit","0.001109","67648.9900","68056.8000","0.1505","0.3017","SUCCESS"
"2026-02-11 22:18:59","XRP/USDT","binance->bybit","11.079620","1.3828","1.4349","0.0312","0.5459","SUCCESS"
"2026-02-11 22:19:05","XRP/USDT","bybit->binance","54.446698","1.3775","1.3827","0.1503","0.1332","SUCCESS"
"2026-02-11 22:19:08","XRP/USDT","binance->bybit","54.237778","1.3828","1.4313","0.1526","2.4763","SUCCESS"
"2026-02-11 22:19:15","XRP/USDT","bybit->binance","54.446580","1.3775","1.3827","0.1503","0.1330","SUCCESS"
"2026-02-11 22:19:19","XRP/USDT","binance->bybit","54.237778","1.3828","1.4313","0.1526","2.4763","SUCCESS"
"2026-02-11 22:19:25","XRP/USDT","bybit->binance","54.446619","1.3775","1.3827","0.1503","0.1331","SUCCESS"
"2026-02-11 22:19:28","XRP/USDT","binance->bybit","54.237778","1.3828","1.4349","0.1528","2.6726","SUCCESS"
"2026-02-11 22:19:31","XRP/USDT","bybit->binance","54.446738","1.3775","1.3832","0.1503","0.1604","SUCCESS"
"2026-02-11 22:19:34","XRP/USDT","bybit->binance","54.446738","1.3775","1.3832","0.1503","0.1604","SUCCESS"
"2026-02-11 22:19:37","XRP/USDT","binance->bybit","54.218174","1.3833","1.4326","0.1527","2.5195","SUCCESS"
"2026-02-11 22:23:13","XRP/USDT","bybit->binance","56.396235","1.3299","1.3821","0.1529","2.7923","SUCCESS"
"2026-02-11 22:23:16","BTC/USDT","bybit->binance","0.001112","67460.0000","67740.0100","0.1503","0.1610","SUCCESS"
"2026-02-11 22:23:16","XRP/USDT","binance->bybit","54.261323","1.3822","1.3898","0.1504","0.2642","SUCCESS"
"2026-02-11 22:23:19","XRP/USDT","binance->bybit","54.261323","1.3822","1.3912","0.1505","0.3386","SUCCESS"
"2026-02-11 22:23:19","BTC/USDT","bybit->binance","0.001112","67460.0000","67740.0100","0.1503","0.1610","SUCCESS"
"2026-02-11 22:23:26","XRP/USDT","bybit->binance","55.394624","1.3539","1.3821","0.1516","1.4069","SUCCESS"
"2026-02-11 22:23:29","XRP/USDT","bybit->binance","55.483304","1.3518","1.3820","0.1517","1.5262","SUCCESS"
"2026-02-11 22:23:32","XRP/USDT","binance->bybit","54.214255","1.3834","1.4081","0.1513","1.1866","SUCCESS"
"2026-02-11 22:23:35","XRP/USDT","binance->bybit","54.214255","1.3834","1.4058","0.1512","1.0646","SUCCESS"
"2026-02-11 22:23:38","XRP/USDT","bybit->binance","55.546174","1.3502","1.3833","0.1518","1.6852","SUCCESS"
"2026-02-11 22:23:41","XRP/USDT","binance->bybit","54.214255","1.3834","1.4036","0.1511","0.9429","SUCCESS"
"2026-02-11 22:23:46","XRP/USDT","bybit->binance","55.394624","1.3539","1.3833","0.1516","1.4758","SUCCESS"
"2026-02-11 22:23:49","XRP/USDT","binance->bybit","54.214255","1.3834","1.4036","0.1511","0.9429","SUCCESS"
"2026-02-11 22:23:52","XRP/USDT","binance->bybit","7.631901","1.3834","1.4013","0.0213","0.1156","SUCCESS"
"2026-02-11 22:23:56","XRP/USDT","bybit->binance","55.394624","1.3539","1.3833","0.1516","1.4758","SUCCESS"
"2026-02-11 22:23:59","XRP/USDT","binance->bybit","54.214255","1.3834","1.4013","0.1510","0.8211","SUCCESS"
"2026-02-11 22:24:06","XRP/USDT","bybit->binance","55.394624","1.3539","1.3869","0.1518","1.6750","SUCCESS"
"2026-02-11 22:24:09","XRP/USDT","binance->bybit","54.073540","1.3870","1.3991","0.1507","0.5028","SUCCESS"
"2026-02-11 22:24:16","XRP/USDT","bybit->binance","55.394624","1.3539","1.3869","0.1518","1.6750","SUCCESS"
"2026-02-11 22:24:19","XRP/USDT","binance->bybit","54.073540","1.3870","1.3968","0.1505","0.3817","SUCCESS"
"2026-02-11 22:24:26","XRP/USDT","bybit->binance","55.963258","1.3402","1.3859","0.1526","2.4069","SUCCESS"
"2026-02-11 22:24:29","XRP/USDT","binance->bybit","54.112554","1.3860","1.3946","0.1505","0.3151","SUCCESS"
"2026-02-11 22:24:36","XRP/USDT","bybit->binance","55.963258","1.3402","1.3859","0.1526","2.4069","SUCCESS"
"2026-02-11 22:24:39","XRP/USDT","bybit->binance","56.109418","1.3367","1.3862","0.1528","2.6261","SUCCESS"
"2026-02-11 22:24:42","XRP/USDT","bybit->binance","56.109334","1.3367","1.3862","0.1528","2.6260","SUCCESS"
"2026-02-11 22:24:45","XRP/USDT","bybit->binance","56.109334","1.3367","1.3862","0.1528","2.6260","SUCCESS"
"2026-02-11 22:24:51","XRP/USDT","bybit->binance","55.963258","1.3402","1.3862","0.1526","2.4237","SUCCESS"
"2026-02-11 22:24:54","XRP/USDT","bybit->binance","56.199140","1.3345","1.3862","0.1529","2.7503","SUCCESS"
"2026-02-11 22:24:57","XRP/USDT","bybit->binance","51.591126","1.3797","1.3876","0.1428","0.2645","SUCCESS"
"2026-02-11 22:25:11","XRP/USDT","binance->bybit","54.046264","1.3877","1.4313","0.1524","2.2025","SUCCESS"
"2026-02-11 22:25:14","XRP/USDT","binance->bybit","54.034582","1.3881","1.4411","0.1529","2.7124","SUCCESS"
"2026-02-11 22:25:17","BTC/USDT","bybit->binance","0.001107","67758.4000","68006.7800","0.1503","0.1247","SUCCESS"
"2026-02-11 22:25:18","XRP/USDT","binance->bybit","54.030689","1.3881","1.4411","0.1529","2.7123","SUCCESS"
"2026-02-11 22:25:21","BTC/USDT","bybit->binance","0.001107","67758.4000","68006.7800","0.1503","0.1247","SUCCESS"
"2026-02-11 22:25:21","XRP/USDT","binance->bybit","54.030689","1.3881","1.4313","0.1523","2.1802","SUCCESS"
"2026-02-11 22:25:24","BTC/USDT","bybit->binance","0.001107","67758.4000","68006.7800","0.1503","0.1247","SUCCESS"
"2026-02-11 22:25:24","XRP/USDT","binance->bybit","54.030689","1.3881","1.4411","0.1529","2.7119","SUCCESS"
"2026-02-11 22:25:27","BTC/USDT","bybit->binance","0.001107","67758.4000","68006.7800","0.1503","0.1247","SUCCESS"
"2026-02-11 22:25:28","XRP/USDT","bybit->binance","54.211277","1.3835","1.3880","0.1502","0.0950","SUCCESS"
"2026-02-11 22:25:29","BTC/USDT","bybit->binance","0.001107","67758.4000","68006.7800","0.1503","0.1247","SUCCESS"
"2026-02-11 22:25:31","XRP/USDT","binance->bybit","54.030689","1.3881","1.4313","0.1523","2.1802","SUCCESS"
"2026-02-11 22:25:32","BTC/USDT","binance->bybit","0.001103","68018.6000","74482.4000","0.1571","6.9701","SUCCESS"
"2026-02-11 22:25:34","XRP/USDT","binance->bybit","54.042369","1.3878","1.4388","0.1528","2.6043","SUCCESS"
"2026-02-11 22:25:34","BTC/USDT","binance->bybit","0.001103","68018.6000","74708.0000","0.1574","7.2186","SUCCESS"
"2026-02-11 22:25:37","XRP/USDT","binance->bybit","54.042369","1.3878","1.3934","0.1503","0.1550","SUCCESS"
"2026-02-11 22:25:38","BTC/USDT","binance->bybit","0.001103","68018.6000","74654.8000","0.1573","7.1600","SUCCESS"
"2026-02-11 22:25:40","XRP/USDT","bybit->binance","54.297817","1.3813","1.3877","0.1503","0.1987","SUCCESS"
"2026-02-11 22:25:41","BTC/USDT","binance->bybit","0.001103","68018.6000","74654.8000","0.1573","7.1600","SUCCESS"
"2026-02-11 22:25:43","XRP/USDT","binance->bybit","54.042369","1.3878","1.4388","0.1528","2.6045","SUCCESS"
"2026-02-11 22:25:44","BTC/USDT","binance->bybit","0.001103","68018.6000","74654.8000","0.1573","7.1600","SUCCESS"
"2026-02-11 22:25:46","XRP/USDT","bybit->binance","54.359446","1.3797","1.3877","0.1504","0.2842","SUCCESS"
"2026-02-11 22:25:47","BTC/USDT","binance->bybit","0.001103","68018.6000","74654.8000","0.1573","7.1600","SUCCESS"
"2026-02-11 22:25:49","XRP/USDT","binance->bybit","54.042369","1.3874","1.4365","0.1526","2.5020","SUCCESS"
"2026-02-11 22:25:50","BTC/USDT","binance->bybit","0.001103","68016.3700","74654.8000","0.1573","7.1627","SUCCESS"
"2026-02-11 22:25:52","XRP/USDT","binance->bybit","15.529243","1.3874","1.4313","0.0438","0.6375","SUCCESS"
"2026-02-11 22:25:53","BTC/USDT","binance->bybit","0.001103","68016.3700","74654.8000","0.1573","7.1627","SUCCESS"
"2026-02-11 22:25:56","BTC/USDT","binance->bybit","0.001103","68016.3700","74654.8000","0.1573","7.1627","SUCCESS"
"2026-02-11 22:25:56","XRP/USDT","bybit->binance","54.359446","1.3797","1.3873","0.1504","0.2624","SUCCESS"
"2026-02-11 22:25:59","BTC/USDT","binance->bybit","0.001103","68016.3700","74654.8000","0.1573","7.1627","SUCCESS"
"2026-02-11 22:26:00","XRP/USDT","binance->bybit","54.057950","1.3874","1.4342","0.1525","2.3785","SUCCESS"
"2026-02-11 22:26:02","BTC/USDT","binance->bybit","0.001103","68016.3700","74654.8000","0.1573","7.1627","SUCCESS"
"2026-02-11 22:26:03","XRP/USDT","bybit->binance","54.872414","1.3668","1.3873","0.1511","0.9734","SUCCESS"
"2026-02-11 22:26:05","BTC/USDT","binance->bybit","0.001103","68016.3700","74654.8000","0.1573","7.1627","SUCCESS"
"2026-02-11 22:26:06","XRP/USDT","binance->bybit","54.057950","1.3911","1.4313","0.1526","2.0190","SUCCESS"
"2026-02-11 22:26:08","BTC/USDT","binance->bybit","0.001102","68079.7500","74654.8000","0.1572","7.0862","SUCCESS"
"2026-02-11 22:26:09","XRP/USDT","bybit->binance","54.472125","1.3769","1.3910","0.1508","0.6200","SUCCESS"
"2026-02-11 22:26:11","BTC/USDT","binance->bybit","0.001102","68079.7500","74654.8000","0.1572","7.0862","SUCCESS"
"2026-02-11 22:26:11","XRP/USDT","bybit->binance","54.359446","1.3797","1.3910","0.1506","0.4634","SUCCESS"
"2026-02-11 22:26:14","BTC/USDT","binance->bybit","0.001102","68079.7500","74654.8000","0.1572","7.0862","SUCCESS"
"2026-02-11 22:26:15","XRP/USDT","bybit->binance","54.559303","1.3747","1.3910","0.1509","0.7411","SUCCESS"
"2026-02-11 22:26:17","BTC/USDT","binance->bybit","0.001102","68079.7500","74654.8000","0.1572","7.0862","SUCCESS"
"2026-02-11 22:26:17","XRP/USDT","binance->bybit","53.914169","1.3911","1.4288","0.1520","1.8801","SUCCESS"
"2026-02-11 22:26:20","BTC/USDT","binance->bybit","0.001102","68079.7500","74654.8000","0.1572","7.0862","SUCCESS"
"2026-02-11 22:26:20","XRP/USDT","binance->bybit","53.914169","1.3911","1.4296","0.1521","1.9252","SUCCESS"
"2026-02-11 22:26:22","XRP/USDT","bybit->binance","54.559541","1.3746","1.3910","0.1509","0.7414","SUCCESS"
"2026-02-11 22:26:23","BTC/USDT","binance->bybit","0.001102","68047.2600","74654.8000","0.1572","7.1220","SUCCESS"
"2026-02-11 22:26:25","XRP/USDT","bybit->binance","54.646959","1.3724","1.3894","0.1509","0.7756","SUCCESS"
"2026-02-11 22:26:26","BTC/USDT","binance->bybit","0.001102","68047.2600","74654.8000","0.1573","7.1254","SUCCESS"
"2026-02-11 22:26:28","XRP/USDT","binance->bybit","53.976250","1.3895","1.4201","0.1517","1.4995","SUCCESS"
"2026-02-11 22:26:29","BTC/USDT","binance->bybit","0.001102","68047.2600","74654.8000","0.1573","7.1254","SUCCESS"
"2026-02-11 22:26:31","XRP/USDT","bybit->binance","54.647118","1.3724","1.3894","0.1509","0.7758","SUCCESS"
"2026-02-11 22:26:32","BTC/USDT","binance->bybit","0.001102","68047.2600","74654.8000","0.1573","7.1254","SUCCESS"
"2026-02-11 22:26:34","XRP/USDT","bybit->binance","54.734498","1.3703","1.3894","0.1510","0.8971","SUCCESS"
"2026-02-11 22:26:35","BTC/USDT","binance->bybit","0.001102","68047.2600","74654.8000","0.1573","7.1254","SUCCESS"
"2026-02-11 22:26:37","XRP/USDT","binance->bybit","53.976250","1.3895","1.4201","0.1517","1.4995","SUCCESS"
"2026-02-11 22:26:38","BTC/USDT","binance->bybit","0.001102","68047.2600","74654.8000","0.1573","7.1254","SUCCESS"
"2026-02-11 22:26:40","XRP/USDT","binance->bybit","53.976250","1.3895","1.4251","0.1519","1.7675","SUCCESS"
"2026-02-11 22:26:41","BTC/USDT","binance->bybit","0.001102","68015.4200","74654.8000","0.1572","7.1605","SUCCESS"
"2026-02-11 22:26:43","XRP/USDT","bybit->binance","54.734657","1.3702","1.3890","0.1510","0.8754","SUCCESS"
"2026-02-11 22:26:44","BTC/USDT","binance->bybit","0.001103","68015.4200","74654.8000","0.1573","7.1639","SUCCESS"
"2026-02-11 22:26:46","XRP/USDT","binance->bybit","53.991793","1.3891","1.4201","0.1517","1.5216","SUCCESS"
"2026-02-11 22:26:47","BTC/USDT","binance->bybit","0.001103","68015.4200","74654.8000","0.1573","7.1639","SUCCESS"
"2026-02-11 22:26:50","XRP/USDT","binance->bybit","53.991793","1.3891","1.4228","0.1518","1.6666","SUCCESS"
"2026-02-11 22:26:51","BTC/USDT","binance->bybit","0.001103","68015.4200","74654.8000","0.1573","7.1639","SUCCESS"
"2026-02-11 22:31:12","BTC/USDT","binance->bybit","0.001101","68119.0100","74654.8000","7.0379","462ms","-1.3bps","SUCCESS"
"2026-02-11 22:31:15","BTC/USDT","binance->bybit","0.001101","68119.0100","74654.8000","7.0388","280ms","0.0bps","SUCCESS"
"2026-02-11 22:31:18","BTC/USDT","binance->bybit","0.001101","68119.0100","74482.4000","6.8492","257ms","0.0bps","SUCCESS"
"2026-02-11 22:31:20","XRP/USDT","bybit->binance","55.546174","1.3502","1.3912","2.1236","744ms","0.0bps","SUCCESS"
"2026-02-11 22:31:21","BTC/USDT","binance->bybit","0.001101","68119.0100","74482.4000","6.8492","269ms","0.0bps","SUCCESS"
"2026-02-11 22:31:24","BTC/USDT","binance->bybit","0.001101","68119.0100","74482.4000","6.8492","275ms","0.0bps","SUCCESS"
"2026-02-11 22:31:26","XRP/USDT","binance->bybit","53.906418","1.3913","1.4828","4.7795","270ms","0.0bps","SUCCESS"
"2026-02-11 22:31:27","BTC/USDT","binance->bybit","0.001101","68119.0100","74482.4000","6.8492","592ms","0.0bps","SUCCESS"
"2026-02-11 22:31:29","XRP/USDT","binance->bybit","53.906418","1.3913","1.4766","4.4416","734ms","0.0bps","SUCCESS"
"2026-02-11 22:31:30","BTC/USDT","binance->bybit","0.001101","68040.7600","74482.4000","6.9354","803ms","-11.5bps","SUCCESS"
"2026-02-11 22:31:32","XRP/USDT","binance->bybit","7.292512","1.3895","1.4055","0.0962","282ms","0.0bps","SUCCESS"
"2026-02-11 22:31:33","BTC/USDT","binance->bybit","0.001102","68040.7600","74482.4000","6.9434","274ms","0.0bps","SUCCESS"
"2026-02-11 22:31:36","BTC/USDT","binance->bybit","0.001102","68040.7600","74482.4000","6.9434","269ms","0.0bps","SUCCESS"
"2026-02-11 22:31:36","XRP/USDT","bybit->binance","55.031816","1.3628","1.3894","1.3097","279ms","0.0bps","SUCCESS"
"2026-02-11 22:31:39","BTC/USDT","binance->bybit","0.001102","68040.7600","74482.4000","6.9434","271ms","0.0bps","SUCCESS"
"2026-02-11 22:31:39","XRP/USDT","bybit->binance","55.114517","1.3608","1.3894","1.4245","264ms","0.0bps","SUCCESS"
"2026-02-11 22:31:42","BTC/USDT","binance->bybit","0.001102","68040.7600","74482.4000","6.9434","755ms","0.0bps","SUCCESS"
"2026-02-11 22:31:42","XRP/USDT","binance->bybit","53.976250","1.3895","1.4175","1.3599","264ms","0.0bps","SUCCESS"
"2026-02-11 22:31:45","BTC/USDT","binance->bybit","0.001102","68040.7600","74482.4000","6.9434","276ms","0.0bps","SUCCESS"
"2026-02-11 22:31:45","XRP/USDT","binance->bybit","53.976250","1.3895","1.4152","1.2376","271ms","0.0bps","SUCCESS"
"2026-02-11 22:31:47","BTC/USDT","binance->bybit","0.001102","68029.4500","74482.4000","6.9570","745ms","0.0bps","SUCCESS"
"2026-02-11 22:31:48","XRP/USDT","bybit->binance","55.031816","1.3628","1.3895","1.3152","279ms","0.0bps","SUCCESS"
"2026-02-11 22:31:50","BTC/USDT","binance->bybit","0.001102","68029.4500","74482.4000","6.9570","742ms","0.0bps","SUCCESS"
"2026-02-11 22:31:51","XRP/USDT","bybit->binance","55.202871","1.3586","1.3895","1.5527","756ms","0.0bps","SUCCESS"
"2026-02-11 22:31:53","BTC/USDT","binance->bybit","0.001102","68029.4500","74482.4000","6.9570","257ms","0.0bps","SUCCESS"
"2026-02-11 22:31:54","XRP/USDT","binance->bybit","53.972366","1.3896","1.4152","1.2322","281ms","0.0bps","SUCCESS"
"2026-02-11 22:31:55","BTC/USDT","binance->bybit","0.001102","68029.4500","74482.4000","6.9570","278ms","0.0bps","SUCCESS"
"2026-02-11 22:31:57","XRP/USDT","bybit->binance","55.031816","1.3628","1.3895","1.3152","599ms","0.0bps","SUCCESS"
"2026-02-11 22:31:58","BTC/USDT","binance->bybit","0.001102","68029.4500","74482.4000","6.9570","280ms","0.0bps","SUCCESS"
"2026-02-11 22:32:00","XRP/USDT","bybit->binance","55.291263","1.3565","1.3895","1.6754","736ms","0.0bps","SUCCESS"
"2026-02-11 22:32:01","BTC/USDT","binance->bybit","0.001102","68029.4500","74482.4000","6.9570","273ms","0.0bps","SUCCESS"
"2026-02-11 22:32:03","XRP/USDT","binance->bybit","53.972366","1.3896","1.4130","1.1101","464ms","0.0bps","SUCCESS"
"2026-02-11 22:32:04","BTC/USDT","binance->bybit","0.001102","68029.4500","74482.4000","6.9570","264ms","0.0bps","SUCCESS"
"2026-02-11 22:32:06","XRP/USDT","binance->bybit","53.956835","1.3900","1.4107","0.9663","283ms","0.0bps","SUCCESS"
"2026-02-11 22:32:06","BTC/USDT","binance->bybit","0.001102","68032.4100","74482.4000","6.9535","591ms","0.0bps","SUCCESS"
"2026-02-11 22:32:08","XRP/USDT","bybit->binance","55.379981","1.3543","1.3899","1.8207","278ms","0.0bps","SUCCESS"
"2026-02-11 22:32:09","BTC/USDT","binance->bybit","0.001102","68032.4100","74482.4000","6.9535","277ms","0.0bps","SUCCESS"
"2026-02-11 22:32:11","XRP/USDT","binance->bybit","53.956835","1.3900","1.4085","0.8447","317ms","0.0bps","SUCCESS"
"2026-02-11 22:32:12","BTC/USDT","binance->bybit","0.001102","68032.4100","74482.4000","6.9535","264ms","0.0bps","SUCCESS"
"2026-02-11 22:32:14","XRP/USDT","binance->bybit","53.956835","1.3900","1.4085","0.8446","597ms","0.0bps","SUCCESS"
"2026-02-11 22:32:15","BTC/USDT","binance->bybit","0.001102","68032.4100","74482.4000","6.9535","584ms","0.0bps","SUCCESS"
"2026-02-11 22:32:17","XRP/USDT","binance->bybit","7.968826","1.3900","1.4085","0.1248","608ms","0.0bps","SUCCESS"
"2026-02-11 22:32:18","BTC/USDT","binance->bybit","0.001102","68032.4100","74482.4000","6.9535","268ms","0.0bps","SUCCESS"
"2026-02-11 22:32:20","XRP/USDT","bybit->binance","54.359446","1.3797","1.3899","0.4036","747ms","0.0bps","SUCCESS"
"2026-02-11 22:32:21","BTC/USDT","binance->bybit","0.001102","68032.4107","74482.4000","6.9535","755ms","0.0bps","SUCCESS"
"2026-02-11 22:32:23","XRP/USDT","binance->bybit","53.972366","1.3896","1.4062","0.7448","736ms","0.0bps","SUCCESS"
"2026-02-11 22:32:24","BTC/USDT","binance->bybit","0.001102","68038.9100","74482.4000","6.9456","282ms","0.0bps","SUCCESS"
"2026-02-11 22:32:26","XRP/USDT","bybit->binance","55.394624","1.3539","1.3895","1.8189","273ms","0.0bps","SUCCESS"
"2026-02-11 22:32:27","BTC/USDT","binance->bybit","0.001102","68038.9100","74482.4000","6.9456","744ms","0.0bps","SUCCESS"
"2026-02-11 22:32:29","XRP/USDT","binance->bybit","53.972366","1.3896","1.4062","0.7449","276ms","0.0bps","SUCCESS"
"2026-02-11 22:32:30","BTC/USDT","binance->bybit","0.001102","68038.9100","74482.4000","6.9456","266ms","0.0bps","SUCCESS"
"2026-02-11 22:32:33","BTC/USDT","binance->bybit","0.001102","68038.9100","74482.4000","6.9456","271ms","0.0bps","SUCCESS"
"2026-02-11 22:32:36","BTC/USDT","binance->bybit","0.001102","68038.9100","74482.4000","6.9456","763ms","0.0bps","SUCCESS"
"2026-02-11 22:32:36","XRP/USDT","bybit->binance","55.394624","1.3539","1.3895","1.8189","259ms","0.0bps","SUCCESS"
"2026-02-11 22:32:39","BTC/USDT","binance->bybit","0.001102","68017.6100","74482.4000","6.9691","280ms","-3.1bps","SUCCESS"
"2026-02-11 22:32:39","XRP/USDT","binance->bybit","53.972366","1.3894","1.4039","0.6342","603ms","-1.4bps","SUCCESS"
"2026-02-11 22:32:41","BTC/USDT","binance->bybit","0.001103","68017.6100","74482.4000","6.9713","265ms","0.0bps","SUCCESS"
"2026-02-11 22:32:44","BTC/USDT","binance->bybit","0.001103","68017.6100","74482.4000","6.9713","269ms","0.0bps","SUCCESS"
"2026-02-11 22:32:46","XRP/USDT","bybit->binance","55.394624","1.3539","1.3893","1.8078","584ms","0.0bps","SUCCESS"
"2026-02-11 22:32:47","BTC/USDT","binance->bybit","0.001103","68017.6100","74482.4000","6.9713","747ms","0.0bps","SUCCESS"
"2026-02-11 22:32:49","XRP/USDT","binance->bybit","53.980135","1.3894","1.4017","0.5130","745ms","0.0bps","SUCCESS"
"2026-02-11 22:32:50","BTC/USDT","binance->bybit","0.001103","68017.6100","74482.4000","6.9713","747ms","0.0bps","SUCCESS"
"2026-02-11 22:32:53","BTC/USDT","binance->bybit","0.001103","68017.6100","74482.4000","6.9713","281ms","0.0bps","SUCCESS"
"2026-02-11 22:32:56","BTC/USDT","binance->bybit","0.001103","67981.4700","74482.4000","7.0112","744ms","-5.3bps","SUCCESS"
"2026-02-11 22:32:57","XRP/USDT","bybit->binance","55.394624","1.3539","1.3895","1.8189","739ms","0.0bps","SUCCESS"
"2026-02-11 22:32:59","BTC/USDT","binance->bybit","0.001103","67981.4700","74482.4000","7.0149","270ms","0.0bps","SUCCESS"
"2026-02-11 22:33:00","XRP/USDT","binance->bybit","53.972366","1.3896","1.3995","0.3811","280ms","0.0bps","SUCCESS"
"2026-02-11 22:33:01","BTC/USDT","binance->bybit","0.001103","67981.4700","74482.4000","7.0149","276ms","0.0bps","SUCCESS"
"2026-02-11 22:33:03","XRP/USDT","bybit->binance","55.825420","1.3435","1.3895","2.4169","757ms","0.0bps","SUCCESS"
"2026-02-11 22:33:04","BTC/USDT","binance->bybit","0.001103","67981.4700","74482.4000","7.0149","489ms","0.0bps","SUCCESS"
"2026-02-11 22:33:06","XRP/USDT","binance->bybit","53.972366","1.3896","1.3958","0.1854","734ms","0.0bps","SUCCESS"
"2026-02-11 22:33:07","BTC/USDT","binance->bybit","0.001103","67981.4700","74482.4000","7.0149","746ms","0.0bps","SUCCESS"
"2026-02-11 22:33:09","XRP/USDT","bybit->binance","55.825503","1.3435","1.3895","2.4170","606ms","0.0bps","SUCCESS"
"2026-02-11 22:33:10","BTC/USDT","binance->bybit","0.001103","67981.4700","74482.4000","7.0149","282ms","0.0bps","SUCCESS"
"2026-02-11 22:33:12","XRP/USDT","bybit->binance","55.914819","1.3413","1.3895","2.5409","270ms","0.0bps","SUCCESS"
"2026-02-11 22:33:13","BTC/USDT","binance->bybit","0.001103","67981.4700","74482.4000","7.0149","592ms","0.0bps","SUCCESS"
"2026-02-11 22:33:15","XRP/USDT","bybit->binance","55.914819","1.3413","1.3934","2.7588","592ms","0.0bps","SUCCESS"
"2026-02-11 22:33:16","BTC/USDT","binance->bybit","0.001100","68176.9600","74482.4000","6.7795","287ms","0.0bps","SUCCESS"
"2026-02-11 22:33:19","BTC/USDT","binance->bybit","0.001100","68176.9600","74482.4000","6.7795","260ms","0.0bps","SUCCESS"
"2026-02-11 22:33:21","XRP/USDT","bybit->binance","55.915069","1.3413","1.3934","2.7591","758ms","0.0bps","SUCCESS"
"2026-02-11 22:33:22","BTC/USDT","binance->bybit","0.001100","68176.9600","74482.4000","6.7795","732ms","0.0bps","SUCCESS"
"2026-02-11 22:33:24","XRP/USDT","bybit->binance","56.004462","1.3392","1.3934","2.8836","752ms","0.0bps","SUCCESS"
